S.No;Name (click to view profile);Date;Likes;Comment;(view source)
1;=HYPERLINK("http://www.youtube.com/@tamatama81","@tamatama81");"2026-02-03T05:28:13Z";0;"Makan wajib nonton antvb😅";=HYPERLINK("https://www.youtube.com/watch?v=uzTfLz7E_6A&lc=UgyL5wq-tf-SWu2BggZ4AaABAg","view source")
2;=HYPERLINK("http://www.youtube.com/@SamsungA16-r2o","@SamsungA16-r2o");"2026-02-02T07:36:55Z";0;"Ampun kelakuan jokonntolllll jokonntoollll😂😂😂😂";=HYPERLINK("https://www.youtube.com/watch?v=uzTfLz7E_6A&lc=UgxMFT0quvJ3_YDdF3x4AaABAg","view source")
3;=HYPERLINK("http://www.youtube.com/@fitsquad28","@fitsquad28");"2026-01-29T14:16:09Z";0;"emang ga enak kerjaan kayak gini  wkwkwkwkkwkw kocak banget Yudi";=HYPERLINK("https://www.youtube.com/watch?v=uzTfLz7E_6A&lc=UgwX4AJYhQoYEtUjH9p4AaABAg","view source")
4;=HYPERLINK("http://www.youtube.com/@FikarRamadhani-x9l","@FikarRamadhani-x9l");"2026-01-10T11:35:44Z";0;"𝙆𝙞𝙠𝙮";=HYPERLINK("https://www.youtube.com/watch?v=uzTfLz7E_6A&lc=Ugwk6Cin_lqoeW3MDQ94AaABAg","view source")
5;=HYPERLINK("http://www.youtube.com/@RidwanGitara","@RidwanGitara");"2026-01-07T02:08:14Z";0;"mntp";=HYPERLINK("https://www.youtube.com/watch?v=uzTfLz7E_6A&lc=Ugwnp-r9GmVYMLw3BMN4AaABAg","view source")
6;=HYPERLINK("http://www.youtube.com/@HeriHeee","@HeriHeee");"2026-01-06T18:51:19Z";0;"Si joeal Keman woe";=HYPERLINK("https://www.youtube.com/watch?v=uzTfLz7E_6A&lc=Ugwx_pyLYOXr0c-guk94AaABAg","view source")
7;=HYPERLINK("http://www.youtube.com/@Dimas-h4y4f","@Dimas-h4y4f");"2025-12-13T04:42:51Z";0;"Si kiteng bisa joget ya😂";=HYPERLINK("https://www.youtube.com/watch?v=uzTfLz7E_6A&lc=UgwcIBhL3N26N-EQ80F4AaABAg","view source")
8;=HYPERLINK("http://www.youtube.com/@TmyOoh","@TmyOoh");"2025-12-04T15:26:56Z";0;"yg main gitar tato bunga terong coo";=HYPERLINK("https://www.youtube.com/watch?v=uzTfLz7E_6A&lc=UgxTqVS3LQGde_J26ct4AaABAg","view source")
9;=HYPERLINK("http://www.youtube.com/@ekychelvinsaputraadriansya6063","@ekychelvinsaputraadriansya6063");"2025-11-30T03:10:08Z";0;"🤣🤣";=HYPERLINK("https://www.youtube.com/watch?v=uzTfLz7E_6A&lc=Ugw41b7wKahrXvoBCaN4AaABAg","view source")
10;=HYPERLINK("http://www.youtube.com/@FfAda-f3t","@FfAda-f3t");"2025-11-26T00:39:36Z";0;"Omk parlai😂";=HYPERLINK("https://www.youtube.com/watch?v=uzTfLz7E_6A&lc=Ugw4IoZQRRY9-x4LVgJ4AaABAg","view source")
11;=HYPERLINK("http://www.youtube.com/@Alpharidho-k7t","@Alpharidho-k7t");"2025-11-24T13:58:29Z";0;"Siapa di sini yang di luar nonton antb";=HYPERLINK("https://www.youtube.com/watch?v=uzTfLz7E_6A&lc=Ugx6QB1gakA_3GaTnVh4AaABAg","view source")
12;=HYPERLINK("http://www.youtube.com/@TetapBerbuatBaik24","@TetapBerbuatBaik24");"2025-11-24T12:36:56Z";0;"Sunge Denai ngk tuh😅";=HYPERLINK("https://www.youtube.com/watch?v=uzTfLz7E_6A&lc=UgzX-aDULRXpL8qtiXh4AaABAg","view source")
13;=HYPERLINK("http://www.youtube.com/@sintongsiahaan9957","@sintongsiahaan9957");"2025-11-23T14:32:52Z";0;"satpam kimax";=HYPERLINK("https://www.youtube.com/watch?v=uzTfLz7E_6A&lc=UgwQh2GLnwI2BVhgUYd4AaABAg","view source")
14;=HYPERLINK("http://www.youtube.com/@shulayman","@shulayman");"2025-11-23T09:55:27Z";0;"Ucapan si gondrong memang bawa petaka bagi si dept collector.. wkwkkww";=HYPERLINK("https://www.youtube.com/watch?v=uzTfLz7E_6A&lc=Ugz9X-V1rKXYuiVBVZ14AaABAg","view source")
15;=HYPERLINK("http://www.youtube.com/@wkwkwkwkwkwk2-f4l","@wkwkwkwkwkwk2-f4l");"2025-11-22T20:37:22Z";0;"asek banget kiting jangan smpe ni orang pergi cukup amri uleng aja jangan kiting juga yg ikutan pergi😂";=HYPERLINK("https://www.youtube.com/watch?v=uzTfLz7E_6A&lc=UgyPw4C5VV97AY2PVfF4AaABAg","view source")
16;=HYPERLINK("http://www.youtube.com/@namariak","@namariak");"2025-11-20T08:38:56Z";0;"gak dapatpun jalan ceritanya";=HYPERLINK("https://www.youtube.com/watch?v=uzTfLz7E_6A&lc=UgwDH2VYMVzHvB6FGzR4AaABAg","view source")
17;=HYPERLINK("http://www.youtube.com/@passil.batigol","@passil.batigol");"2025-11-19T07:15:34Z";0;"mak kasian kali itu DC udah mukannya jelek dan seram kena hajar pula.. kerena si gondrong ini biang keroknya asal bilang maling 😂";=HYPERLINK("https://www.youtube.com/watch?v=uzTfLz7E_6A&lc=Ugx1p8TT8t2-sM_ZlrV4AaABAg","view source")
18;=HYPERLINK("http://www.youtube.com/@Jennfransi","@Jennfransi");"2025-11-18T22:39:51Z";0;"https://youtu.be/uzTfLz7E_6A?si=";=HYPERLINK("https://www.youtube.com/watch?v=uzTfLz7E_6A&lc=UgxOfAINh5BurSVndtN4AaABAg","view source")
19;=HYPERLINK("http://www.youtube.com/@SuryaPermana-v8e","@SuryaPermana-v8e");"2025-11-18T13:00:05Z";0;"Gass yang mau join di kratonbet bisa japri";=HYPERLINK("https://www.youtube.com/watch?v=uzTfLz7E_6A&lc=UgxLH6UF-ikd32-Ywo94AaABAg","view source")
20;=HYPERLINK("http://www.youtube.com/@Abimaky","@Abimaky");"2025-11-17T22:29:39Z";0;"Agung lucu banget";=HYPERLINK("https://www.youtube.com/watch?v=uzTfLz7E_6A&lc=UgyphK96cGN8BEw4EHV4AaABAg","view source")
21;=HYPERLINK("http://www.youtube.com/@Ferdyuii","@Ferdyuii");"2025-11-16T06:46:25Z";0;"banyakin adegan action nya bang am seru kali🤣🤣";=HYPERLINK("https://www.youtube.com/watch?v=uzTfLz7E_6A&lc=UgxLhDNY__nPzbIfrVl4AaABAg","view source")
22;=HYPERLINK("http://www.youtube.com/@irhammuhammad","@irhammuhammad");"2025-11-16T06:17:56Z";0;"ilang lagi joel ?";=HYPERLINK("https://www.youtube.com/watch?v=uzTfLz7E_6A&lc=Ugw74PyjteBe_i5q3Qd4AaABAg","view source")
23;=HYPERLINK("http://www.youtube.com/@FebrianoAno-g6u","@FebrianoAno-g6u");"2025-11-15T10:54:42Z";0;"😂😂😂😂";=HYPERLINK("https://www.youtube.com/watch?v=uzTfLz7E_6A&lc=Ugyxdg8aOivx1HNwGMt4AaABAg","view source")
24;=HYPERLINK("http://www.youtube.com/@dolievers","@dolievers");"2025-11-14T13:05:12Z";0;"bg aku salah satu fans antb dari awal sampek sekarang, bole req episode horor kaya episode awal?";=HYPERLINK("https://www.youtube.com/watch?v=uzTfLz7E_6A&lc=Ugx2CztFro6xN0tm0SZ4AaABAg","view source")
25;=HYPERLINK("http://www.youtube.com/@TaksuProject","@TaksuProject");"2025-11-14T08:09:57Z";0;"Terlambat ah 🤣🤣🤣🤣";=HYPERLINK("https://www.youtube.com/watch?v=uzTfLz7E_6A&lc=UgymORx7F0utRtOBe5h4AaABAg","view source")
26;=HYPERLINK("http://www.youtube.com/@diodevika8378","@diodevika8378");"2025-11-14T04:25:19Z";0;"Awak nonton saambil tdur😂";=HYPERLINK("https://www.youtube.com/watch?v=uzTfLz7E_6A&lc=UgyB_RDMRiyvqG46uVB4AaABAg","view source")
27;=HYPERLINK("http://www.youtube.com/@joeahmad6018","@joeahmad6018");"2025-11-13T23:37:15Z";0;"Gondrong melihat... Tapi memilih diam.... Dan tidak bersuara... Kasihan abg2 debt collector.... Di aniaya.... Ndrong ndrong tega hatimu berdiam...";=HYPERLINK("https://www.youtube.com/watch?v=uzTfLz7E_6A&lc=UgwcYrKbRx-yqpKUxSd4AaABAg","view source")
28;=HYPERLINK("http://www.youtube.com/@RawinTinus","@RawinTinus");"2025-11-20T05:16:39Z";0;"Gondrong bukan sembarang gondrong😂😂";=HYPERLINK("https://www.youtube.com/watch?v=uzTfLz7E_6A&lc=UgwcYrKbRx-yqpKUxSd4AaABAg.APUUfwjN-23APjYI--od-8","view source")
29;=HYPERLINK("http://www.youtube.com/@akbaramahtvline1055","@akbaramahtvline1055");"2025-11-13T15:28:07Z";0;"Aku jadi subs ANTB  dari 70 RB an sub.  Episode ini pling oke. Dr alur, crta, acting, sound .  Semoga mkin sukses ya kawan..";=HYPERLINK("https://www.youtube.com/watch?v=uzTfLz7E_6A&lc=UgxFlYV4_s9b_d2aRJh4AaABAg","view source")
30;=HYPERLINK("http://www.youtube.com/@ancasaputra8177","@ancasaputra8177");"2025-11-13T11:30:27Z";0;"9:20 nah gini bang ilham yg kami kenal ga kalah dari siapa pun😂";=HYPERLINK("https://www.youtube.com/watch?v=uzTfLz7E_6A&lc=Ugz_EnhoKo--6rcPVQd4AaABAg","view source")
31;=HYPERLINK("http://www.youtube.com/@agungoktriansyah6008","@agungoktriansyah6008");"2025-11-13T10:04:38Z";0;"Mau ngumpulin orang yang ga mau kumpul 👉🏻";=HYPERLINK("https://www.youtube.com/watch?v=uzTfLz7E_6A&lc=UgyIJzPYkVxx-XI1Cch4AaABAg","view source")
32;=HYPERLINK("http://www.youtube.com/@FadeykaS","@FadeykaS");"2025-11-13T08:34:37Z";0;"Siapa disini yang nonton sambil berak";=HYPERLINK("https://www.youtube.com/watch?v=uzTfLz7E_6A&lc=UgwP0i20H1GX3nKiJDl4AaABAg","view source")
33;=HYPERLINK("http://www.youtube.com/@ErpanErwandi-o2f","@ErpanErwandi-o2f");"2025-11-14T18:33:14Z";0;"gj kntl";=HYPERLINK("https://www.youtube.com/watch?v=uzTfLz7E_6A&lc=UgwP0i20H1GX3nKiJDl4AaABAg.APSsNoujodRAPWWg2E_ShA","view source")
34;=HYPERLINK("http://www.youtube.com/@harumseraya","@harumseraya");"2025-11-13T05:45:22Z";0;"Yang paling enak nonton antb ini sambil boker";=HYPERLINK("https://www.youtube.com/watch?v=uzTfLz7E_6A&lc=UgxUKMAscnRs8T84PTN4AaABAg","view source")
35;=HYPERLINK("http://www.youtube.com/@guruhid2410","@guruhid2410");"2025-11-13T05:41:57Z";0;"Mantapp";=HYPERLINK("https://www.youtube.com/watch?v=uzTfLz7E_6A&lc=UgzQlsW_jzcHuXgJ2O14AaABAg","view source")
36;=HYPERLINK("http://www.youtube.com/@ariprayoga4730","@ariprayoga4730");"2025-11-12T19:00:01Z";0;"pepew ah";=HYPERLINK("https://www.youtube.com/watch?v=uzTfLz7E_6A&lc=UgzTACuWS1BtLuxABZ14AaABAg","view source")
37;=HYPERLINK("http://www.youtube.com/@summermanco","@summermanco");"2025-11-12T16:52:15Z";0;"gokssss";=HYPERLINK("https://www.youtube.com/watch?v=uzTfLz7E_6A&lc=UgxONjCEvsz8B0Ismkh4AaABAg","view source")
38;=HYPERLINK("http://www.youtube.com/@Landry_Szoboszlai08","@Landry_Szoboszlai08");"2025-11-12T14:15:32Z";0;"Kemaren dibungkus Wak Uban kau Fadli skrg Anaknya pula yg membungkus kau 😂😂😂  Nasib kaulah Fadli 🤣🤣🤣";=HYPERLINK("https://www.youtube.com/watch?v=uzTfLz7E_6A&lc=Ugzdb7qugwHIMt7Pxzd4AaABAg","view source")
39;=HYPERLINK("http://www.youtube.com/@TinaJulinda","@TinaJulinda");"2025-11-12T12:56:57Z";0;"Nonton antb ni emang enak nya lagi santai lagi makan😅 tengah malam pun enak";=HYPERLINK("https://www.youtube.com/watch?v=uzTfLz7E_6A&lc=UgwwCBTWMO2RkqZJGHx4AaABAg","view source")
40;=HYPERLINK("http://www.youtube.com/@wahyumahendra-z3b","@wahyumahendra-z3b");"2025-11-12T12:35:17Z";0;"";=HYPERLINK("https://www.youtube.com/watch?v=uzTfLz7E_6A&lc=UgzKoWIN3omJfA5XleR4AaABAg","view source")
41;=HYPERLINK("http://www.youtube.com/@ogiharzaharahap4169","@ogiharzaharahap4169");"2025-11-12T12:00:43Z";0;"Habis solat magrib ambil nasi nonton sambil makan mantap";=HYPERLINK("https://www.youtube.com/watch?v=uzTfLz7E_6A&lc=UgzEd_BbNs-76foB0Md4AaABAg","view source")
42;=HYPERLINK("http://www.youtube.com/@Minahtambun","@Minahtambun");"2025-11-12T11:22:44Z";518;"😚gausah mikir panjang boskuu, main di ✌𝓦𝓘𝓕𝓘4𝓓✌ duit ngalir kaya kopi tumpah☕💰";=HYPERLINK("https://www.youtube.com/watch?v=uzTfLz7E_6A&lc=UgwT_o36uBAUShSpD6N4AaABAg","view source")
43;=HYPERLINK("http://www.youtube.com/@IpanKa-g2b","@IpanKa-g2b");"2025-11-12T10:51:38Z";0;"Akhir yah ketemu juga cenel yah";=HYPERLINK("https://www.youtube.com/watch?v=uzTfLz7E_6A&lc=UgzNnJbh_znSpJ8APs54AaABAg","view source")
44;=HYPERLINK("http://www.youtube.com/@muhammadrenz-z","@muhammadrenz-z");"2025-11-14T06:03:31Z";0;"yah cenel yah cenel itu apa yah";=HYPERLINK("https://www.youtube.com/watch?v=uzTfLz7E_6A&lc=UgzNnJbh_znSpJ8APs54AaABAg.APQYGRDcr6XAPVAt23oPf2","view source")
45;=HYPERLINK("http://www.youtube.com/@PutuPriliana","@PutuPriliana");"2025-11-12T10:43:05Z";1;"Sumpah bikin ngakak bank aku nyampe nggak berhenti ketawa bang hp kok lari😂😂😂😂😂 dari 😂😂😂😂😂😂😂😂😂";=HYPERLINK("https://www.youtube.com/watch?v=uzTfLz7E_6A&lc=UgzPOLpHOWJpV8Jf42h4AaABAg","view source")
46;=HYPERLINK("http://www.youtube.com/@Agustina-y5t","@Agustina-y5t");"2025-11-12T06:20:07Z";0;"joel kmna bang";=HYPERLINK("https://www.youtube.com/watch?v=uzTfLz7E_6A&lc=UgwARhuA_VHz9gmBNaJ4AaABAg","view source")
47;=HYPERLINK("http://www.youtube.com/@dionsiushaloho931","@dionsiushaloho931");"2025-11-12T05:51:31Z";0;"Maling pulak dirumah orang cacat 😂";=HYPERLINK("https://www.youtube.com/watch?v=uzTfLz7E_6A&lc=UgyrFWCJirYDGfpoNcN4AaABAg","view source")
48;=HYPERLINK("http://www.youtube.com/@vinznafan6180","@vinznafan6180");"2025-11-12T05:34:51Z";0;"fadli ni ntah apa tambah sok keras aja";=HYPERLINK("https://www.youtube.com/watch?v=uzTfLz7E_6A&lc=Ugwv9L65e602yDX_mJR4AaABAg","view source")
49;=HYPERLINK("http://www.youtube.com/@vinznafan6180","@vinznafan6180");"2025-11-12T05:35:13Z";0;"tengok lah ketemu di jalan ku tumbuk i dia, liat la";=HYPERLINK("https://www.youtube.com/watch?v=uzTfLz7E_6A&lc=Ugwv9L65e602yDX_mJR4AaABAg.APPz0IAKQjkAPPz2vEGEdV","view source")
50;=HYPERLINK("http://www.youtube.com/@mokoharmoko7519","@mokoharmoko7519");"2025-11-11T18:02:18Z";0;"Bang pake cwe beneran geh bang  biar seru bang...";=HYPERLINK("https://www.youtube.com/watch?v=uzTfLz7E_6A&lc=UgwmocbkMMwY3W_YGfZ4AaABAg","view source")
51;=HYPERLINK("http://www.youtube.com/@FaisalTumanggor","@FaisalTumanggor");"2025-11-11T17:31:52Z";0;"Kribo bunang😂😂?";=HYPERLINK("https://www.youtube.com/watch?v=uzTfLz7E_6A&lc=UgymXljwuToBcvgJECt4AaABAg","view source")
52;=HYPERLINK("http://www.youtube.com/@f67ind12","@f67ind12");"2025-11-11T17:10:40Z";0;"Mantap";=HYPERLINK("https://www.youtube.com/watch?v=uzTfLz7E_6A&lc=UgwS09f7edtP0ljy_n54AaABAg","view source")
53;=HYPERLINK("http://www.youtube.com/@f67ind12","@f67ind12");"2025-11-11T16:56:28Z";0;"Akhir jabatan lanjut dong";=HYPERLINK("https://www.youtube.com/watch?v=uzTfLz7E_6A&lc=UgzAcBe1-evIeCZ1kRh4AaABAg","view source")
54;=HYPERLINK("http://www.youtube.com/@goaltimeid1","@goaltimeid1");"2025-11-11T15:43:47Z";1;"belakangan video nya ending nya ga masuk bang,kurang memuaskan,semoga bisa diperbaiki skenario nya,sukses buat antb";=HYPERLINK("https://www.youtube.com/watch?v=uzTfLz7E_6A&lc=UgwMDPbpdf7Ni1lzRQ14AaABAg","view source")
55;=HYPERLINK("http://www.youtube.com/@maylinarahmawati3472","@maylinarahmawati3472");"2025-11-11T14:56:42Z";0;"joel kemana bang? ada masalah kah?";=HYPERLINK("https://www.youtube.com/watch?v=uzTfLz7E_6A&lc=Ugw_8ini5zatknnQNDZ4AaABAg","view source")
56;=HYPERLINK("http://www.youtube.com/@oktridevid117","@oktridevid117");"2025-11-11T14:53:41Z";0;"Akhir jabatan kapan ni bg?";=HYPERLINK("https://www.youtube.com/watch?v=uzTfLz7E_6A&lc=Ugyji9qzqjkfVv6SaXh4AaABAg","view source")
57;=HYPERLINK("http://www.youtube.com/@irgifahjarsusanto4113","@irgifahjarsusanto4113");"2025-11-11T14:09:27Z";0;"gini la suka kali aku abay jadi Abang abangan terkuat";=HYPERLINK("https://www.youtube.com/watch?v=uzTfLz7E_6A&lc=UgzvsXAZtb82LnJZYup4AaABAg","view source")
58;=HYPERLINK("http://www.youtube.com/@alfireza2713","@alfireza2713");"2025-11-11T13:57:53Z";0;"Perspektif kmren gmn?";=HYPERLINK("https://www.youtube.com/watch?v=uzTfLz7E_6A&lc=Ugzlg13pornB6ivYaV94AaABAg","view source")
59;=HYPERLINK("http://www.youtube.com/@MUHAMMADRASYIDRIDO-y9u","@MUHAMMADRASYIDRIDO-y9u");"2025-11-11T12:56:41Z";1;"3:35 bungkus-bungkus aku dong nasi Padang gak tuh😂";=HYPERLINK("https://www.youtube.com/watch?v=uzTfLz7E_6A&lc=UgzyRSjtoNQLjJCM1GV4AaABAg","view source")
60;=HYPERLINK("http://www.youtube.com/@ikhsanamr","@ikhsanamr");"2025-11-11T12:13:45Z";0;"ekekkekekek";=HYPERLINK("https://www.youtube.com/watch?v=uzTfLz7E_6A&lc=Ugy8tJ3E2DQwPYLGKwt4AaABAg","view source")
61;=HYPERLINK("http://www.youtube.com/@LidiaNur1985","@LidiaNur1985");"2025-11-11T12:07:03Z";0;"🅜🅔🅝🅨🅐🅛🅐 🅖🅔🅛🅞🅡🅐➍🅓 🅚🅤 🅢🅤🅚🅢🅔🅢 🅢🅔🅛🅐🅛🅤";=HYPERLINK("https://www.youtube.com/watch?v=uzTfLz7E_6A&lc=UgxXeKqQ42AbZpvBQS54AaABAg","view source")
62;=HYPERLINK("http://www.youtube.com/@ahmad.hpashpant1104","@ahmad.hpashpant1104");"2025-11-11T11:57:36Z";0;"Anjirrrr awal yg membagongkan bahas parlay hahaa";=HYPERLINK("https://www.youtube.com/watch?v=uzTfLz7E_6A&lc=UgwAfKLE_bW8Tf1ZIAB4AaABAg","view source")
63;=HYPERLINK("http://www.youtube.com/@VianZhu-g3b","@VianZhu-g3b");"2025-11-11T11:05:05Z";0;"Taksingdorrrr";=HYPERLINK("https://www.youtube.com/watch?v=uzTfLz7E_6A&lc=UgwfUt4RH00TKSLskwl4AaABAg","view source")
64;=HYPERLINK("http://www.youtube.com/@AnggabagasPrasetyo","@AnggabagasPrasetyo");"2025-11-11T09:51:05Z";0;"parlay parlayy😂";=HYPERLINK("https://www.youtube.com/watch?v=uzTfLz7E_6A&lc=Ugx8S88wkS0mfJYnz_R4AaABAg","view source")
65;=HYPERLINK("http://www.youtube.com/@reynaldihutabarat5151","@reynaldihutabarat5151");"2025-11-11T09:47:52Z";0;"mantap bang";=HYPERLINK("https://www.youtube.com/watch?v=uzTfLz7E_6A&lc=UgwjlNJI1_pBqud3UC94AaABAg","view source")
66;=HYPERLINK("http://www.youtube.com/@MentariMursii","@MentariMursii");"2025-11-11T09:43:26Z";0;"bang kapan akhir jabatan part VII?";=HYPERLINK("https://www.youtube.com/watch?v=uzTfLz7E_6A&lc=UgymaaDeiLdLUG68nfd4AaABAg","view source")
67;=HYPERLINK("http://www.youtube.com/@pungkyardiansyah-py2yx","@pungkyardiansyah-py2yx");"2025-11-11T08:25:20Z";0;"Padli lagi 😂";=HYPERLINK("https://www.youtube.com/watch?v=uzTfLz7E_6A&lc=UgxscS91TqGRc4Ojn8J4AaABAg","view source")
68;=HYPERLINK("http://www.youtube.com/@AlexanderPrastinov","@AlexanderPrastinov");"2025-11-11T08:01:26Z";0;"ITU 7 TIM, SAYA 9 TIM L1 WKWKWKW";=HYPERLINK("https://www.youtube.com/watch?v=uzTfLz7E_6A&lc=Ugylz07K1KcoBiurwSR4AaABAg","view source")
69;=HYPERLINK("http://www.youtube.com/@NauvalDzaky-uz2zc","@NauvalDzaky-uz2zc");"2025-11-11T07:32:42Z";0;"Si kiting sok hebat kali perannya, ngajak-ngajak org suka-suka dia";=HYPERLINK("https://www.youtube.com/watch?v=uzTfLz7E_6A&lc=UgyS0JZvJHY1X-hHcs14AaABAg","view source")
70;=HYPERLINK("http://www.youtube.com/@Febriiryansyah","@Febriiryansyah");"2025-11-11T07:00:28Z";0;"6.19";=HYPERLINK("https://www.youtube.com/watch?v=uzTfLz7E_6A&lc=UgyaEKFYbiBzXzII6mp4AaABAg","view source")
71;=HYPERLINK("http://www.youtube.com/@yudhaprasetyo4870","@yudhaprasetyo4870");"2025-11-11T06:39:06Z";0;"bg abay ijin lah aku yaa bg, aku ngikutin orang abg ini dari pemain lamaa dari masih sikit subscribe orangg abgg, tapi yaa bg ijin aku yaa bg kalo abg baca komen ku ini, sumpah bg gak sukak kali aku nengok sikiting ini, banyak kali perubahan nyaa, apa lagi di sketsa nyaa uih tak ada lagi lucu nyaa yg dulu masih lucu ijin bg bay 🙏🙏";=HYPERLINK("https://www.youtube.com/watch?v=uzTfLz7E_6A&lc=UgywA5jK7zVA8YVIjFN4AaABAg","view source")
72;=HYPERLINK("http://www.youtube.com/@thatblackgtr911","@thatblackgtr911");"2025-11-12T06:26:19Z";0;"cuman kau lah itu yg gk suka.";=HYPERLINK("https://www.youtube.com/watch?v=uzTfLz7E_6A&lc=UgywA5jK7zVA8YVIjFN4AaABAg.APNWZzEINbjAPQ3uI1npAn","view source")
73;=HYPERLINK("http://www.youtube.com/@Prusjowy","@Prusjowy");"2025-11-11T05:46:47Z";0;"Dari awal sampe akhir gak bosenin! Vibenya pas banget buat healing sambil login 𝗣𝗦𝗧𝟎𝗧𝟎𝟵𝟵 😌";=HYPERLINK("https://www.youtube.com/watch?v=uzTfLz7E_6A&lc=Ugx1IhmqQNKB2v7QQvF4AaABAg","view source")
74;=HYPERLINK("http://www.youtube.com/@1sofiene","@1sofiene");"2025-11-11T05:46:46Z";0;"Udah kontennya relate, pembawaannya juga santai. Cocok banget nemenin waktu 𝗣𝗦𝗧𝟎𝗧𝟎𝟵𝟵-an 😁";=HYPERLINK("https://www.youtube.com/watch?v=uzTfLz7E_6A&lc=UgwaAn5S3pwyYbMxvk94AaABAg","view source")
75;=HYPERLINK("http://www.youtube.com/@elhadjiassanekane6930","@elhadjiassanekane6930");"2025-11-11T05:46:45Z";0;"Ini konten ringan tapi nagih! Kayak 𝗣𝗦𝗧𝟎𝗧𝟎𝟵𝟵, sekali buka langsung susah berhenti 😆🔥";=HYPERLINK("https://www.youtube.com/watch?v=uzTfLz7E_6A&lc=Ugw7H_7KBe1EhbfVzZx4AaABAg","view source")
76;=HYPERLINK("http://www.youtube.com/@LetsLearnTogether-FunandLearni","@LetsLearnTogether-FunandLearni");"2025-11-11T05:46:45Z";0;"Dari awal sampe akhir gak bosenin! Vibenya pas banget buat healing sambil login 𝗣𝗦𝗧𝟎𝗧𝟎𝟵𝟵 😌";=HYPERLINK("https://www.youtube.com/watch?v=uzTfLz7E_6A&lc=Ugx6pUEKROLvIH1BwrV4AaABAg","view source")
77;=HYPERLINK("http://www.youtube.com/@abeditz-1M","@abeditz-1M");"2025-11-11T05:46:40Z";0;"Tipe konten yang bikin “eh bentar lagi nonton” tapi keterusan 😅 sama kayak di 𝗣𝗦𝗧𝟎𝗧𝟎𝟵𝟵 pas udah dapet pola cuan!";=HYPERLINK("https://www.youtube.com/watch?v=uzTfLz7E_6A&lc=UgzHRbxP8XKNawm68HJ4AaABAg","view source")
78;=HYPERLINK("http://www.youtube.com/@love__feelings_yp724","@love__feelings_yp724");"2025-11-11T05:46:35Z";0;"Gak nyangka kontennya seenak ini ditonton, sambil spin di ✌𝗣𝗦𝗧𝟎𝗧𝟎𝟵𝟵✌ makin berasa santainya 😎🎥🎰";=HYPERLINK("https://www.youtube.com/watch?v=uzTfLz7E_6A&lc=UgxV2XnwW5QRL7h0n2N4AaABAg","view source")
79;=HYPERLINK("http://www.youtube.com/@esfandde","@esfandde");"2025-11-11T05:46:33Z";0;"Gak nyangka kontennya seenak ini ditonton, sambil spin di ✌𝗣𝗦𝗧𝟎𝗧𝟎𝟵𝟵✌ makin berasa santainya 😎🎥🎰";=HYPERLINK("https://www.youtube.com/watch?v=uzTfLz7E_6A&lc=UgyQr9OgS4nM9atWk594AaABAg","view source")
80;=HYPERLINK("http://www.youtube.com/@RANUJAVALA_32","@RANUJAVALA_32");"2025-11-11T05:46:32Z";0;"Kontennya keren banget! Santai tapi tetap dapet insight, kayak main 𝗣𝗦𝗧𝟎𝗧𝟎𝟵𝟵: enjoy tapi bisa cuan 😎";=HYPERLINK("https://www.youtube.com/watch?v=uzTfLz7E_6A&lc=UgyH5eB9ekfTqE3-2Bd4AaABAg","view source")
81;=HYPERLINK("http://www.youtube.com/@florianka-d8t","@florianka-d8t");"2025-11-11T05:46:29Z";0;"Ini konten ringan tapi nagih! Kayak 𝗣𝗦𝗧𝟎𝗧𝟎𝟵𝟵, sekali buka langsung susah berhenti 😆🔥";=HYPERLINK("https://www.youtube.com/watch?v=uzTfLz7E_6A&lc=UgzYhgJYph75h23dlMt4AaABAg","view source")
82;=HYPERLINK("http://www.youtube.com/@KaaluFF..992","@KaaluFF..992");"2025-11-11T05:46:25Z";0;"Kontennya keren banget! Santai tapi tetap dapet insight, kayak main 𝗣𝗦𝗧𝟎𝗧𝟎𝟵𝟵: enjoy tapi bisa cuan 😎";=HYPERLINK("https://www.youtube.com/watch?v=uzTfLz7E_6A&lc=Ugz4RUtX-P7hDb9bmlV4AaABAg","view source")
83;=HYPERLINK("http://www.youtube.com/@bekaraashiq4579","@bekaraashiq4579");"2025-11-11T05:46:23Z";0;"Udah kontennya relate, pembawaannya juga santai. Cocok banget nemenin waktu 𝗣𝗦𝗧𝟎𝗧𝟎𝟵𝟵-an 😁";=HYPERLINK("https://www.youtube.com/watch?v=uzTfLz7E_6A&lc=UgwFMuu3I-pazUyNKwF4AaABAg","view source")
84;=HYPERLINK("http://www.youtube.com/@HilinaMad","@HilinaMad");"2025-11-11T05:46:22Z";0;"Apapun topiknya, pembawaannya asik! Pas banget buat nemenin main ♛𝗣𝗦𝗧𝟎𝗧𝟎𝟵𝟵♛ santai 😎🎰";=HYPERLINK("https://www.youtube.com/watch?v=uzTfLz7E_6A&lc=UgyBwFa4oXHLIRJM04p4AaABAg","view source")
85;=HYPERLINK("http://www.youtube.com/@BukhariSahab-nq6jg","@BukhariSahab-nq6jg");"2025-11-11T05:46:16Z";0;"Kontennya keren banget! Santai tapi tetap dapet insight, kayak main 𝗣𝗦𝗧𝟎𝗧𝟎𝟵𝟵: enjoy tapi bisa cuan 😎";=HYPERLINK("https://www.youtube.com/watch?v=uzTfLz7E_6A&lc=UgycIJzTtq_8DfhcOMV4AaABAg","view source")
86;=HYPERLINK("http://www.youtube.com/@ZikrFX","@ZikrFX");"2025-11-11T05:46:15Z";0;"Baru liat, tapi langsung betah nontonnya! Vibes-nya chill parah, kayak nongkrong di room 𝗣𝗦𝗧𝟎𝗧𝟎𝟵𝟵 😂";=HYPERLINK("https://www.youtube.com/watch?v=uzTfLz7E_6A&lc=UgzXA1l4aR3v2fj3HOV4AaABAg","view source")
87;=HYPERLINK("http://www.youtube.com/@AdityaRaj-tk9bu","@AdityaRaj-tk9bu");"2025-11-11T05:46:14Z";0;"Yang kayak gini nih bikin betah scroll lama. Konten oke, tinggal buka 𝗣𝗦𝗧𝟎𝗧𝟎𝟵𝟵 biar makin komplit 🤙";=HYPERLINK("https://www.youtube.com/watch?v=uzTfLz7E_6A&lc=Ugy63uSEk1gmZYzOdfZ4AaABAg","view source")
88;=HYPERLINK("http://www.youtube.com/@Raja__Official110","@Raja__Official110");"2025-11-11T05:46:15Z";0;"Kualitas kontennya makin naik! Kayak akun 𝗣𝗦𝗧𝟎𝗧𝟎𝟵𝟵 yang tiba-tiba hoki terus 😆🔥";=HYPERLINK("https://www.youtube.com/watch?v=uzTfLz7E_6A&lc=UgzkguynwvmScB26_ZR4AaABAg","view source")
89;=HYPERLINK("http://www.youtube.com/@liladharsiddh36","@liladharsiddh36");"2025-11-11T05:46:14Z";0;"Baru liat, tapi langsung betah nontonnya! Vibes-nya chill parah, kayak nongkrong di room 𝗣𝗦𝗧𝟎𝗧𝟎𝟵𝟵 😂";=HYPERLINK("https://www.youtube.com/watch?v=uzTfLz7E_6A&lc=UgxRNxFx6RwUdCjrqRd4AaABAg","view source")
90;=HYPERLINK("http://www.youtube.com/@SUONGPHEAK-v8w","@SUONGPHEAK-v8w");"2025-11-11T05:46:13Z";0;"Yang kayak gini nih bikin betah scroll lama. Konten oke, tinggal buka 𝗣𝗦𝗧𝟎𝗧𝟎𝟵𝟵 biar makin komplit 🤙";=HYPERLINK("https://www.youtube.com/watch?v=uzTfLz7E_6A&lc=UgxHpcHVlxZj8L9t6nV4AaABAg","view source")
91;=HYPERLINK("http://www.youtube.com/@mhmdabdo1000","@mhmdabdo1000");"2025-11-11T05:46:14Z";0;"Kualitas kontennya makin naik! Kayak akun 𝗣𝗦𝗧𝟎𝗧𝟎𝟵𝟵 yang tiba-tiba hoki terus 😆🔥";=HYPERLINK("https://www.youtube.com/watch?v=uzTfLz7E_6A&lc=Ugw62KosJWVDmZ3ysbV4AaABAg","view source")
92;=HYPERLINK("http://www.youtube.com/@Gopal-n4j2x","@Gopal-n4j2x");"2025-11-11T05:46:13Z";0;"Apapun topiknya, pembawaannya asik! Pas banget buat nemenin main ♛𝗣𝗦𝗧𝟎𝗧𝟎𝟵𝟵♛ santai 😎🎰";=HYPERLINK("https://www.youtube.com/watch?v=uzTfLz7E_6A&lc=UgyLcypP8NJLge96gxh4AaABAg","view source")
93;=HYPERLINK("http://www.youtube.com/@Indiam246","@Indiam246");"2025-11-11T05:45:57Z";0;"Gaya penyampaiannya enak banget, gak ngebosenin. Sambil nonton ini, spin dikit di ✌𝗣𝗦𝗧𝟎𝗧𝟎𝟵𝟵✌ biar makin lengkap 🤭";=HYPERLINK("https://www.youtube.com/watch?v=uzTfLz7E_6A&lc=UgwULnsgb5HUBdPOmz14AaABAg","view source")
94;=HYPERLINK("http://www.youtube.com/@jakartakeras4901","@jakartakeras4901");"2025-11-11T05:36:41Z";0;"wak tukang sampahnya dari kemarin2 gak beres koncet";=HYPERLINK("https://www.youtube.com/watch?v=uzTfLz7E_6A&lc=UgyWyD3cRQg9iICYOAJ4AaABAg","view source")
95;=HYPERLINK("http://www.youtube.com/@normanjexx8698","@normanjexx8698");"2025-11-11T05:34:57Z";1;"Siapa di sini nonton sambil mandi👇";=HYPERLINK("https://www.youtube.com/watch?v=uzTfLz7E_6A&lc=Ugyj6SqoUzpMC01aBP14AaABAg","view source")
96;=HYPERLINK("http://www.youtube.com/@IhlalRambe","@IhlalRambe");"2025-11-12T00:22:55Z";0;"Aku sambil berak";=HYPERLINK("https://www.youtube.com/watch?v=uzTfLz7E_6A&lc=Ugyj6SqoUzpMC01aBP14AaABAg.APNPE5d6VumAPPQJZvhuX5","view source")
97;=HYPERLINK("http://www.youtube.com/@aldiansyahaldiansyah2293","@aldiansyahaldiansyah2293");"2025-11-11T05:34:16Z";0;"Maling pulak dirumah orang cacat😂";=HYPERLINK("https://www.youtube.com/watch?v=uzTfLz7E_6A&lc=UgyQ6D1FyThkSx4H3I54AaABAg","view source")
98;=HYPERLINK("http://www.youtube.com/@prisciliapratiwi7857","@prisciliapratiwi7857");"2025-11-11T05:17:31Z";9;"Berdua itu cocok emang jadi tukang tagih 😂😂";=HYPERLINK("https://www.youtube.com/watch?v=uzTfLz7E_6A&lc=UgwboAmLp77mYzGUvNF4AaABAg","view source")
99;=HYPERLINK("http://www.youtube.com/@RizkySiregar-w6j","@RizkySiregar-w6j");"2025-11-11T05:09:06Z";0;"Fadli .apaa .betul sok oke kau lama lama 😂😂😂😂";=HYPERLINK("https://www.youtube.com/watch?v=uzTfLz7E_6A&lc=UgztCGXs45bOAbgX7mh4AaABAg","view source")
100;=HYPERLINK("http://www.youtube.com/@desrian_arfi","@desrian_arfi");"2025-11-11T04:56:04Z";0;"ituu mukul satpamnya betulan bahh🤣🤣";=HYPERLINK("https://www.youtube.com/watch?v=uzTfLz7E_6A&lc=UgxG7J4dM1KoWnncEP94AaABAg","view source")
101;=HYPERLINK("http://www.youtube.com/@ongkiafdani","@ongkiafdani");"2025-11-11T04:54:28Z";0;"Bangkee Lu bg Am😂 dng Entengnya bilang ""Udh terlambat"" Pisahinnn Woi";=HYPERLINK("https://www.youtube.com/watch?v=uzTfLz7E_6A&lc=UgzMNikOlSt1qDPfwJ14AaABAg","view source")
102;=HYPERLINK("http://www.youtube.com/@obitsyahputra3633","@obitsyahputra3633");"2025-11-11T04:34:40Z";0;"No skip ikhlan";=HYPERLINK("https://www.youtube.com/watch?v=uzTfLz7E_6A&lc=UgxLBGZzF7qtrqqoFQZ4AaABAg","view source")
103;=HYPERLINK("http://www.youtube.com/@joyboy17-o1o","@joyboy17-o1o");"2025-11-11T03:57:04Z";0;"Barengan ngopi dan scroll 📍𝗕𝗘𝗥𝗞𝗔𝗛𝗦𝗟𝗢𝗧 tuh mood booster banget pagi ini ☕📱";=HYPERLINK("https://www.youtube.com/watch?v=uzTfLz7E_6A&lc=Ugyds3l_mvlkDfm97rl4AaABAg","view source")
104;=HYPERLINK("http://www.youtube.com/@mochalfathirr","@mochalfathirr");"2025-11-11T03:28:39Z";0;"Yudi pecah kekeh wkwkwk";=HYPERLINK("https://www.youtube.com/watch?v=uzTfLz7E_6A&lc=UgxXhQNw3aVOPKAKyWV4AaABAg","view source")
105;=HYPERLINK("http://www.youtube.com/@alfiatussamsiyah3845","@alfiatussamsiyah3845");"2025-11-11T03:07:30Z";0;"Kok ngk di fullin aja bang, waah buat penasaran aja, yg episode Kepling Hadi jg blm ada kelanjutan";=HYPERLINK("https://www.youtube.com/watch?v=uzTfLz7E_6A&lc=UgyRWccP_uv3aJnBT2Z4AaABAg","view source")
106;=HYPERLINK("http://www.youtube.com/@suryadharma2333","@suryadharma2333");"2025-11-11T02:28:10Z";0;"Makin gak lucu sejak banyak orang baru";=HYPERLINK("https://www.youtube.com/watch?v=uzTfLz7E_6A&lc=UgxUNkbJJuQJWie4y3F4AaABAg","view source")
107;=HYPERLINK("http://www.youtube.com/@BroHrp2018","@BroHrp2018");"2025-11-11T02:08:12Z";0;"🤣🤣🤣";=HYPERLINK("https://www.youtube.com/watch?v=uzTfLz7E_6A&lc=UgzzZ1nPQNY9KdFWvEh4AaABAg","view source")
108;=HYPERLINK("http://www.youtube.com/@juniantono0894","@juniantono0894");"2025-11-11T02:06:48Z";0;"wkwkwk";=HYPERLINK("https://www.youtube.com/watch?v=uzTfLz7E_6A&lc=UgzG9T3FNPJITH2QsT94AaABAg","view source")
109;=HYPERLINK("http://www.youtube.com/@NabillahSyahfitri","@NabillahSyahfitri");"2025-11-11T01:32:26Z";0;"gamau banyak bacot gua bang nanti di kira sales wkwk gua cuman mau share situs ⚡ *TABUNG4D* ⚡ yang sering gua mainin itu gacor";=HYPERLINK("https://www.youtube.com/watch?v=uzTfLz7E_6A&lc=UgwhDaAnNyF2xYa0DzB4AaABAg","view source")
110;=HYPERLINK("http://www.youtube.com/@Kasturisiregar","@Kasturisiregar");"2025-11-11T01:10:31Z";0;"semangatt terus ya bang konten nya";=HYPERLINK("https://www.youtube.com/watch?v=uzTfLz7E_6A&lc=UgwVPKf9yVLcfGZRh614AaABAg","view source")
111;=HYPERLINK("http://www.youtube.com/@SayurApel-x7o","@SayurApel-x7o");"2025-11-11T00:17:51Z";390;"Jangan lupa jalak4D klen";=HYPERLINK("https://www.youtube.com/watch?v=uzTfLz7E_6A&lc=Ugyuyq9Ko6jP7AKR2Ip4AaABAg","view source")
112;=HYPERLINK("http://www.youtube.com/@RuanganLirik","@RuanganLirik");"2025-11-10T23:35:48Z";0;"MANTAP BG SEMANGAT TERUS";=HYPERLINK("https://www.youtube.com/watch?v=uzTfLz7E_6A&lc=Ugy6gSouqymqFtrSm5t4AaABAg","view source")
113;=HYPERLINK("http://www.youtube.com/@AafaqihLuddin","@AafaqihLuddin");"2025-11-10T22:50:31Z";0;"Siapa disini yang nonton sambil berak?";=HYPERLINK("https://www.youtube.com/watch?v=uzTfLz7E_6A&lc=UgzwQ2kvvsjVK1fJgAJ4AaABAg","view source")
114;=HYPERLINK("http://www.youtube.com/@MikyMarbun","@MikyMarbun");"2025-11-10T22:45:11Z";0;"Paling lucu si Fadli ku tengok pas di jumpai bg Ilham abay 😂😂";=HYPERLINK("https://www.youtube.com/watch?v=uzTfLz7E_6A&lc=Ugz2xqQRf1SEuRvfvrp4AaABAg","view source")
115;=HYPERLINK("http://www.youtube.com/@JonaTarigan-r8o","@JonaTarigan-r8o");"2025-11-10T21:28:03Z";0;"Asik kali alur ceritanya mantap";=HYPERLINK("https://www.youtube.com/watch?v=uzTfLz7E_6A&lc=Ugzge1xqsAZ2OLgY8nx4AaABAg","view source")
116;=HYPERLINK("http://www.youtube.com/@SaYcoNz5","@SaYcoNz5");"2025-11-10T19:49:18Z";1;"Bagus klen kurang²i lah nyanyi tu semak kali sumpah biseng kali ah";=HYPERLINK("https://www.youtube.com/watch?v=uzTfLz7E_6A&lc=Ugz1pVod3g2Up7PLuZV4AaABAg","view source")
117;=HYPERLINK("http://www.youtube.com/@lannasamullani","@lannasamullani");"2025-11-10T19:03:09Z";0;"denagn sempurna memberikan apa yang di inginkan 🔱 𝗠 𝗘 𝗩 𝗜 𝗨 𝗦 𝗧 𝗢 𝗧 𝗢🔱 selalu bisa jadi andalan";=HYPERLINK("https://www.youtube.com/watch?v=uzTfLz7E_6A&lc=UgyWVYjRH96IvzSgfbd4AaABAg","view source")
118;=HYPERLINK("http://www.youtube.com/@gradisya","@gradisya");"2025-11-10T19:03:06Z";0;"Kekuatan sejati ada saat kamu tetap tersenyum di tengah kesulitan 🔱 𝗠 𝗘 𝗩 𝗜 𝗨 𝗦 𝗧 𝗢 𝗧 𝗢🔱";=HYPERLINK("https://www.youtube.com/watch?v=uzTfLz7E_6A&lc=UgwE8dcxMPxbNI-ALZ14AaABAg","view source")
119;=HYPERLINK("http://www.youtube.com/@rayhanftrns1768","@rayhanftrns1768");"2025-11-10T19:00:14Z";13;"KANGENN JOEELLLL LAHHH SOBAT BURUNGG😢";=HYPERLINK("https://www.youtube.com/watch?v=uzTfLz7E_6A&lc=UgyDGasAfpgjPJdh4kB4AaABAg","view source")
120;=HYPERLINK("http://www.youtube.com/@lannasamullani","@lannasamullani");"2025-11-10T18:59:25Z";0;"Jadikan setiap kegagalan sebagai batu loncatan menuju kesuksesanmu 🔱 𝗠 𝗘 𝗩 𝗜 𝗨 𝗦 𝗧 𝗢 𝗧 𝗢🔱";=HYPERLINK("https://www.youtube.com/watch?v=uzTfLz7E_6A&lc=UgzaXr8HvzEgUvYsqQV4AaABAg","view source")
121;=HYPERLINK("http://www.youtube.com/@AprianiSusanti-q3f","@AprianiSusanti-q3f");"2025-11-10T18:59:21Z";0;"Jangan biarkan kegagalan hari ini menghalangi semangat esokmu 🔱 𝗠 𝗘 𝗩 𝗜 𝗨 𝗦 𝗧 𝗢 𝗧 𝗢🔱";=HYPERLINK("https://www.youtube.com/watch?v=uzTfLz7E_6A&lc=UgzVgcJDdUnN2Smyclp4AaABAg","view source")
122;=HYPERLINK("http://www.youtube.com/@gradisya","@gradisya");"2025-11-10T18:59:21Z";0;"Percaya pada proses dan nikmati setiap langkah menuju keberhasilan 🔱 𝗠 𝗘 𝗩 𝗜 𝗨 𝗦 𝗧 𝗢 𝗧 𝗢🔱";=HYPERLINK("https://www.youtube.com/watch?v=uzTfLz7E_6A&lc=UgxwjksPbF_4o72a2jF4AaABAg","view source")
123;=HYPERLINK("http://www.youtube.com/@KaraSetyawan-b3t","@KaraSetyawan-b3t");"2025-11-10T17:43:03Z";0;"Tangerang lagi ni woy";=HYPERLINK("https://www.youtube.com/watch?v=uzTfLz7E_6A&lc=UgznQp9f4AVH9xuAsvJ4AaABAg","view source")
124;=HYPERLINK("http://www.youtube.com/@bima-x9x","@bima-x9x");"2025-11-10T17:25:15Z";0;"Joel kok jarang tampil bang";=HYPERLINK("https://www.youtube.com/watch?v=uzTfLz7E_6A&lc=Ugys7wvVKvcOXXPIZOJ4AaABAg","view source")
125;=HYPERLINK("http://www.youtube.com/@wandikaishak3206","@wandikaishak3206");"2025-11-11T02:59:58Z";0;"Pulang kampung dia";=HYPERLINK("https://www.youtube.com/watch?v=uzTfLz7E_6A&lc=Ugys7wvVKvcOXXPIZOJ4AaABAg.APM5ie9I-GtAPN7UwoOUW7","view source")
126;=HYPERLINK("http://www.youtube.com/@SitiMujiati-f5o","@SitiMujiati-f5o");"2025-11-10T17:06:07Z";0;"Dc vs Akamsi.....😅😅😅";=HYPERLINK("https://www.youtube.com/watch?v=uzTfLz7E_6A&lc=UgxQr_9a8s1sgNclINd4AaABAg","view source")
127;=HYPERLINK("http://www.youtube.com/@dousnocounter7922","@dousnocounter7922");"2025-11-10T17:01:07Z";0;"Kangen Joel aku bg";=HYPERLINK("https://www.youtube.com/watch?v=uzTfLz7E_6A&lc=UgxQwbim2ps8hTCtBTF4AaABAg","view source")
128;=HYPERLINK("http://www.youtube.com/@agamp4486","@agamp4486");"2025-11-10T16:57:23Z";0;"hahaha😭🤣";=HYPERLINK("https://www.youtube.com/watch?v=uzTfLz7E_6A&lc=UgzUj_okbeHHFr_THTl4AaABAg","view source")
129;=HYPERLINK("http://www.youtube.com/@Nanikphone-o8y","@Nanikphone-o8y");"2025-11-10T16:54:21Z";0;"10:51  basmi lah or Bismillah ?";=HYPERLINK("https://www.youtube.com/watch?v=uzTfLz7E_6A&lc=UgzhUJqZ-7w0PbKOFEV4AaABAg","view source")
130;=HYPERLINK("http://www.youtube.com/@RolandLawfim","@RolandLawfim");"2025-11-10T16:46:51Z";0;"Fadli makin Paten aktingnya hahaha.";=HYPERLINK("https://www.youtube.com/watch?v=uzTfLz7E_6A&lc=UgyqUhFSlVoJhcB1Zpx4AaABAg","view source")
131;=HYPERLINK("http://www.youtube.com/@arlinlaode3511","@arlinlaode3511");"2025-11-10T16:18:08Z";0;"YANG NUNGGU PART TERAKHIR (AKHIR JABATAN RT) KUMPUL SINI..";=HYPERLINK("https://www.youtube.com/watch?v=uzTfLz7E_6A&lc=UgzQ27qWmVXEYcCnYOV4AaABAg","view source")
132;=HYPERLINK("http://www.youtube.com/@wowclips2194","@wowclips2194");"2025-11-10T16:05:52Z";0;"Penting nya seragam resmi dan ID card saat bekerja 😅 *BTW saya  juga collector internal leasing 😅";=HYPERLINK("https://www.youtube.com/watch?v=uzTfLz7E_6A&lc=UgxZxn7f_VEAX6-VBXN4AaABAg","view source")
133;=HYPERLINK("http://www.youtube.com/@FazaFaza-d9c","@FazaFaza-d9c");"2025-11-10T15:14:25Z";2;"Ngakak pas Yudi bilang emang ga enak kerjaan kayak gini. Wkwkwkwkwk  Dua orang debt collector tampangnya menjiwai banget 😂";=HYPERLINK("https://www.youtube.com/watch?v=uzTfLz7E_6A&lc=UgzPq5n8CVvJcDRHWIl4AaABAg","view source")
134;=HYPERLINK("http://www.youtube.com/@misbahyusuf28","@misbahyusuf28");"2025-11-10T19:14:17Z";0;"mau gamau yekan?😅";=HYPERLINK("https://www.youtube.com/watch?v=uzTfLz7E_6A&lc=UgzPq5n8CVvJcDRHWIl4AaABAg.APLrkS9HzrrAPMICGWmjgI","view source")
135;=HYPERLINK("http://www.youtube.com/@4lleee","@4lleee");"2025-11-10T14:25:46Z";0;"joel uleng sma amri kmna😅";=HYPERLINK("https://www.youtube.com/watch?v=uzTfLz7E_6A&lc=UgxjIBzOJ6sBynFlOnZ4AaABAg","view source")
136;=HYPERLINK("http://www.youtube.com/@kangotomotif3097","@kangotomotif3097");"2025-11-10T14:11:13Z";0;"buang aja kiting anjeng malas kali ada dia";=HYPERLINK("https://www.youtube.com/watch?v=uzTfLz7E_6A&lc=UgyPKF17BhVd9Dvd07d4AaABAg","view source")
137;=HYPERLINK("http://www.youtube.com/@kangotomotif3097","@kangotomotif3097");"2025-11-10T14:11:50Z";0;"tambahin joel, amri, uleng. buang kiting";=HYPERLINK("https://www.youtube.com/watch?v=uzTfLz7E_6A&lc=UgyPKF17BhVd9Dvd07d4AaABAg.APLkW_14wQYAPLk_zw379f","view source")
138;=HYPERLINK("http://www.youtube.com/@Yuliloes","@Yuliloes");"2025-11-10T14:11:05Z";5;"Lanjutkan part terakhir akhir jabatannya";=HYPERLINK("https://www.youtube.com/watch?v=uzTfLz7E_6A&lc=UgwtGjmUuSxAbgSNsYp4AaABAg","view source")
139;=HYPERLINK("http://www.youtube.com/@DediYubaedi","@DediYubaedi");"2025-11-10T14:10:53Z";0;"Kemana pergi si Joel ini gondrong ?";=HYPERLINK("https://www.youtube.com/watch?v=uzTfLz7E_6A&lc=UgzWCA3cbFqfx35j_-14AaABAg","view source")
140;=HYPERLINK("http://www.youtube.com/@Aqiashafasyahlaa","@Aqiashafasyahlaa");"2025-11-10T14:03:49Z";0;"Yang nonton lagi berak aja gak😂";=HYPERLINK("https://www.youtube.com/watch?v=uzTfLz7E_6A&lc=UgzjWY4v8WUelf-6pxl4AaABAg","view source")
141;=HYPERLINK("http://www.youtube.com/@zunaidiabdillah3670","@zunaidiabdillah3670");"2025-11-10T13:59:40Z";0;"Lepas dari tanggung jawab si gondrong😅😅😅";=HYPERLINK("https://www.youtube.com/watch?v=uzTfLz7E_6A&lc=UgwZyUWxnkD3BRciB294AaABAg","view source")
142;=HYPERLINK("http://www.youtube.com/@adittia3975","@adittia3975");"2025-11-10T13:44:35Z";0;"Kangen live yutub ah";=HYPERLINK("https://www.youtube.com/watch?v=uzTfLz7E_6A&lc=UgyayPuPRe-sknUE_-R4AaABAg","view source")
143;=HYPERLINK("http://www.youtube.com/@SirnaylaaaNayla","@SirnaylaaaNayla");"2025-11-10T13:41:32Z";1;"Woy gondrong mana part terakhir akhir jabatannya";=HYPERLINK("https://www.youtube.com/watch?v=uzTfLz7E_6A&lc=UgwMNdnvJBdpTI1MPMZ4AaABAg","view source")
144;=HYPERLINK("http://www.youtube.com/@Piaggiopia","@Piaggiopia");"2025-11-10T19:34:14Z";0;"Paok kau boi, tenang aja.. kalau gak kau aja bikin konten nya.. liat aja kenapa? Koncet";=HYPERLINK("https://www.youtube.com/watch?v=uzTfLz7E_6A&lc=UgwMNdnvJBdpTI1MPMZ4AaABAg.APLh78aqzyJAPMKUIlZ-po","view source")
145;=HYPERLINK("http://www.youtube.com/@iqraalfaqih7147","@iqraalfaqih7147");"2025-11-10T13:32:20Z";0;"lucu kali ini gk garing";=HYPERLINK("https://www.youtube.com/watch?v=uzTfLz7E_6A&lc=Ugy6jFWnkKGBJvJEeqp4AaABAg","view source")
146;=HYPERLINK("http://www.youtube.com/@rammmaaddelia","@rammmaaddelia");"2025-11-10T13:31:10Z";0;"Joko said : Maling Pula Dirumah Orang cacad 😅";=HYPERLINK("https://www.youtube.com/watch?v=uzTfLz7E_6A&lc=Ugwo3osTo32tU_t-SXp4AaABAg","view source")
147;=HYPERLINK("http://www.youtube.com/@farrelnapitupulu4708","@farrelnapitupulu4708");"2025-11-10T13:18:17Z";0;"ga ada harga diri satpam, di komplek ini ah 9:12";=HYPERLINK("https://www.youtube.com/watch?v=uzTfLz7E_6A&lc=Ugw8Tet0pw178vmuC-p4AaABAg","view source")
148;=HYPERLINK("http://www.youtube.com/@agunggerson6010","@agunggerson6010");"2025-11-10T13:11:42Z";0;"wkwkwkwkwk";=HYPERLINK("https://www.youtube.com/watch?v=uzTfLz7E_6A&lc=Ugyt44TEmBSJlCaHxvJ4AaABAg","view source")
149;=HYPERLINK("http://www.youtube.com/@SofyaniWina","@SofyaniWina");"2025-11-10T13:06:35Z";0;"Koncet.ini konten gk bermutu lagi.alias gk lucu lagi...paok2";=HYPERLINK("https://www.youtube.com/watch?v=uzTfLz7E_6A&lc=UgyYbLN4bZJOQf03K6l4AaABAg","view source")
150;=HYPERLINK("http://www.youtube.com/@winnersitorus2294","@winnersitorus2294");"2025-11-10T13:05:08Z";0;"ada² si kiting ngeselin";=HYPERLINK("https://www.youtube.com/watch?v=uzTfLz7E_6A&lc=UgzYJHd8vqGRCdkllMF4AaABAg","view source")
151;=HYPERLINK("http://www.youtube.com/@Tin8899","@Tin8899");"2025-11-10T12:47:10Z";0;"Semangat";=HYPERLINK("https://www.youtube.com/watch?v=uzTfLz7E_6A&lc=Ugy6FvZvbW3bD0QM0ht4AaABAg","view source")
152;=HYPERLINK("http://www.youtube.com/@adekurniawansihombing1046","@adekurniawansihombing1046");"2025-11-10T12:44:45Z";0;"y";=HYPERLINK("https://www.youtube.com/watch?v=uzTfLz7E_6A&lc=UgxuLmTLUCzCTBEVPoZ4AaABAg","view source")
153;=HYPERLINK("http://www.youtube.com/@lalurezaaidilpratama8909","@lalurezaaidilpratama8909");"2025-11-10T12:42:19Z";0;"Betol?   Hahahaha";=HYPERLINK("https://www.youtube.com/watch?v=uzTfLz7E_6A&lc=UgyzG4a5cu97NW6-Pup4AaABAg","view source")
154;=HYPERLINK("http://www.youtube.com/@yopisyahputra6140","@yopisyahputra6140");"2025-11-10T12:39:27Z";0;"Sambil minum tst";=HYPERLINK("https://www.youtube.com/watch?v=uzTfLz7E_6A&lc=UgzdjYmtRAXmhRuZxT94AaABAg","view source")
155;=HYPERLINK("http://www.youtube.com/@AbangAdekPratama","@AbangAdekPratama");"2025-11-10T12:37:14Z";0;"8:06 karakter provokator Uda sangat melekat sama si agung 😂";=HYPERLINK("https://www.youtube.com/watch?v=uzTfLz7E_6A&lc=Ugz8N10_YzbUZZ1AlKB4AaABAg","view source")
156;=HYPERLINK("http://www.youtube.com/@Sastra-t4s2l","@Sastra-t4s2l");"2025-11-10T12:36:55Z";0;"info bill kualifikasi pildun pad";=HYPERLINK("https://www.youtube.com/watch?v=uzTfLz7E_6A&lc=UgzktsMWzyg-Q5KZgIN4AaABAg","view source")
157;=HYPERLINK("http://www.youtube.com/@hadisuryapratamasiregarsir6676","@hadisuryapratamasiregarsir6676");"2025-11-10T12:36:23Z";0;"Bg lanjutkan lah episode akhir jabatan";=HYPERLINK("https://www.youtube.com/watch?v=uzTfLz7E_6A&lc=UgzmNCi4rW4MMQkUnTl4AaABAg","view source")
158;=HYPERLINK("http://www.youtube.com/@agusmaulana1765","@agusmaulana1765");"2025-11-10T12:34:43Z";0;"Belakangan ini liat acting nya kiteng kok cringe x ya, jadi menjijikan nonton nya setiap adegan ada dia.....";=HYPERLINK("https://www.youtube.com/watch?v=uzTfLz7E_6A&lc=Ugw98DqaiaUIZl1xK6R4AaABAg","view source")
159;=HYPERLINK("http://www.youtube.com/@joehanesari185","@joehanesari185");"2025-11-10T12:34:14Z";0;"Please make Joel Purba a permanent player";=HYPERLINK("https://www.youtube.com/watch?v=uzTfLz7E_6A&lc=UgxhM7cxfij8igXaFp54AaABAg","view source")
160;=HYPERLINK("http://www.youtube.com/@saga6202","@saga6202");"2025-11-10T12:33:27Z";0;"Gantung, ditambahin ending masuk penjara baru makin bagus";=HYPERLINK("https://www.youtube.com/watch?v=uzTfLz7E_6A&lc=UgzjrKMSemBUPFg5PP94AaABAg","view source")
161;=HYPERLINK("http://www.youtube.com/@ArifRahman-m6y","@ArifRahman-m6y");"2025-11-10T12:32:16Z";0;"Lanjutan akhir jabatan kapan bg";=HYPERLINK("https://www.youtube.com/watch?v=uzTfLz7E_6A&lc=UgwWcPS1vk32j4x-t-54AaABAg","view source")
162;=HYPERLINK("http://www.youtube.com/@FikriFikri-n6n","@FikriFikri-n6n");"2025-11-10T12:27:33Z";0;"Aku suka film antb sumpah sambil makan enak bangettt dahh lama ga ada vidio baru nya baru ini buat yah bang";=HYPERLINK("https://www.youtube.com/watch?v=uzTfLz7E_6A&lc=UgwPliHQV3xaOC06YLl4AaABAg","view source")
163;=HYPERLINK("http://www.youtube.com/@gusta-Cr7","@gusta-Cr7");"2025-11-10T12:23:19Z";0;"Pas.... Nonton sambil makan 😂.";=HYPERLINK("https://www.youtube.com/watch?v=uzTfLz7E_6A&lc=Ugylxm0iXjARPx_xGm94AaABAg","view source")
164;=HYPERLINK("http://www.youtube.com/@HariantoPslrn","@HariantoPslrn");"2025-11-10T12:18:29Z";0;"Tato luntur 🤣";=HYPERLINK("https://www.youtube.com/watch?v=uzTfLz7E_6A&lc=Ugyxqpd71rsl-tmDkIF4AaABAg","view source")
165;=HYPERLINK("http://www.youtube.com/@idab2031","@idab2031");"2025-11-10T12:15:54Z";0;"😂😂😂, lucu abissss";=HYPERLINK("https://www.youtube.com/watch?v=uzTfLz7E_6A&lc=UgwNkN7YHDb_orYxyxl4AaABAg","view source")
166;=HYPERLINK("http://www.youtube.com/@Floridinamaknyus123","@Floridinamaknyus123");"2025-11-10T12:10:53Z";0;"kemarin di pukul uban hari ini di pukul gondrong , asik di pukulii aja kau padli 🤣";=HYPERLINK("https://www.youtube.com/watch?v=uzTfLz7E_6A&lc=UgxudiajFSYVpEjz_NB4AaABAg","view source")
167;=HYPERLINK("http://www.youtube.com/@ruiruin114","@ruiruin114");"2025-11-10T12:04:50Z";1;"Dicari counter nya gondrong selain bapak nya😂😂";=HYPERLINK("https://www.youtube.com/watch?v=uzTfLz7E_6A&lc=UgzzyOLgNB1WgDmflOR4AaABAg","view source")
168;=HYPERLINK("http://www.youtube.com/@febianjalerrrr","@febianjalerrrr");"2025-11-10T11:59:16Z";0;"jogja hadir, sering² post bangg";=HYPERLINK("https://www.youtube.com/watch?v=uzTfLz7E_6A&lc=Ugy8DstcOVlB3etKuoF4AaABAg","view source")
169;=HYPERLINK("http://www.youtube.com/@ajifdirnaputra4236","@ajifdirnaputra4236");"2025-11-10T11:57:09Z";0;"joel kok gak ikut konten dia bang?";=HYPERLINK("https://www.youtube.com/watch?v=uzTfLz7E_6A&lc=UgzNokOVfqjb22_UbkN4AaABAg","view source")
170;=HYPERLINK("http://www.youtube.com/@fajriarmansya5541","@fajriarmansya5541");"2025-11-10T13:42:20Z";0;"Pulang ke Jawa nya dia";=HYPERLINK("https://www.youtube.com/watch?v=uzTfLz7E_6A&lc=UgzNokOVfqjb22_UbkN4AaABAg.APLWAe1N06kAPLhCxXcTOV","view source")
171;=HYPERLINK("http://www.youtube.com/@JayidzRian","@JayidzRian");"2025-11-10T11:55:26Z";0;"Suka ngga nyambung, ceritanya, episode suka loncat-loncat Ngga jelas klean 😅😅";=HYPERLINK("https://www.youtube.com/watch?v=uzTfLz7E_6A&lc=UgxHqRhr8LDyTC7VCBh4AaABAg","view source")
172;=HYPERLINK("http://www.youtube.com/@anugrahw4h","@anugrahw4h");"2025-11-10T11:51:31Z";3;"Izin bertanya abang2 ku, singkatan ANTB apa? 🙏";=HYPERLINK("https://www.youtube.com/watch?v=uzTfLz7E_6A&lc=UgzhWKcwHXxCs6jKyhZ4AaABAg","view source")
173;=HYPERLINK("http://www.youtube.com/@ftedits77","@ftedits77");"2025-11-10T14:03:25Z";1;"Anak bangsa tanpa batas";=HYPERLINK("https://www.youtube.com/watch?v=uzTfLz7E_6A&lc=UgzhWKcwHXxCs6jKyhZ4AaABAg.APLVXHvV4yPAPLjcLBZP_W","view source")
174;=HYPERLINK("http://www.youtube.com/@anugrahw4h","@anugrahw4h");"2025-11-10T14:08:31Z";0;"​@ftedits77Terima kasih informasi nya abang ku🙏";=HYPERLINK("https://www.youtube.com/watch?v=uzTfLz7E_6A&lc=UgzhWKcwHXxCs6jKyhZ4AaABAg.APLVXHvV4yPAPLkCiEgVPj","view source")
175;=HYPERLINK("http://www.youtube.com/@tejasandy9644","@tejasandy9644");"2025-11-11T15:46:03Z";1;"Abay n the bird";=HYPERLINK("https://www.youtube.com/watch?v=uzTfLz7E_6A&lc=UgzhWKcwHXxCs6jKyhZ4AaABAg.APLVXHvV4yPAPOVA1F9pnT","view source")
176;=HYPERLINK("http://www.youtube.com/@thatblackgtr911","@thatblackgtr911");"2025-11-12T06:28:30Z";0;"@tejasandy9644 asliiiiii";=HYPERLINK("https://www.youtube.com/watch?v=uzTfLz7E_6A&lc=UgzhWKcwHXxCs6jKyhZ4AaABAg.APLVXHvV4yPAPQ49GEb6gk","view source")
177;=HYPERLINK("http://www.youtube.com/@SigantengKayabanget","@SigantengKayabanget");"2025-11-10T11:48:09Z";23;"صَلَّى اللهُ عَلَى مُحَمَّد (Shallallahu 'Alaa Muhammad)   Semoga kita semua diberikan hidayah oleh Allah dzat yang maha pengampun,  Dan semoga kita diberikan rezeki yg halal barokah dan berlimpah,  Dan tidak tergiur sedikit pun kepada yg haram😊😊";=HYPERLINK("https://www.youtube.com/watch?v=uzTfLz7E_6A&lc=UgwdoQJYf_aaNtIggcp4AaABAg","view source")
178;=HYPERLINK("http://www.youtube.com/@adityaridho_2411","@adityaridho_2411");"2025-11-10T11:46:16Z";2;"Batir madang";=HYPERLINK("https://www.youtube.com/watch?v=uzTfLz7E_6A&lc=UgzF1i3AnZ97CW_GMUJ4AaABAg","view source")
179;=HYPERLINK("http://www.youtube.com/@RioManik-k3c2y","@RioManik-k3c2y");"2025-11-10T11:36:22Z";0;"Yg dulu nya gw nonton di tv sekarang suda bisa komentar";=HYPERLINK("https://www.youtube.com/watch?v=uzTfLz7E_6A&lc=UgxhY7ghVtI3Lt_LOAp4AaABAg","view source")
180;=HYPERLINK("http://www.youtube.com/@aadayutkesuma","@aadayutkesuma");"2025-11-10T11:35:33Z";0;"Muslim datang lagi sip sip";=HYPERLINK("https://www.youtube.com/watch?v=uzTfLz7E_6A&lc=UgzyGI6e89AJ-057V1p4AaABAg","view source")
181;=HYPERLINK("http://www.youtube.com/@abdulhakimsireagar2277","@abdulhakimsireagar2277");"2025-11-10T11:34:47Z";0;"1 jt subs giveaway pagar bang";=HYPERLINK("https://www.youtube.com/watch?v=uzTfLz7E_6A&lc=UgzG80veQgsbbvHXJxp4AaABAg","view source")
182;=HYPERLINK("http://www.youtube.com/@iqbaldibulz1268","@iqbaldibulz1268");"2025-11-10T11:29:32Z";0;"debtcoll yg gondrong mirip sopo di adit sopo jarwo 😂😂😂";=HYPERLINK("https://www.youtube.com/watch?v=uzTfLz7E_6A&lc=UgxrUfTtPtrgt0B-4Mh4AaABAg","view source")
183;=HYPERLINK("http://www.youtube.com/@JESTINEMANUELJE","@JESTINEMANUELJE");"2025-11-10T11:28:58Z";0;"Jadi kemana lah itu kelanjutan dari Akhir Jabatan 🗣️";=HYPERLINK("https://www.youtube.com/watch?v=uzTfLz7E_6A&lc=UgwjofMWsjNFAKOpmOJ4AaABAg","view source")
184;=HYPERLINK("http://www.youtube.com/@ramaasukacucu","@ramaasukacucu");"2025-11-10T11:28:41Z";0;"cobaa Kelen gantii trek audio video jadi suara inggris ngakak banget oii😅";=HYPERLINK("https://www.youtube.com/watch?v=uzTfLz7E_6A&lc=UgxZ5VfY1W2Zoxn-k414AaABAg","view source")
185;=HYPERLINK("http://www.youtube.com/@redapermana2635","@redapermana2635");"2025-11-10T11:26:05Z";0;"woiii ndrong mana video akhir jabatan pak kep part 7";=HYPERLINK("https://www.youtube.com/watch?v=uzTfLz7E_6A&lc=Ugy6td7NZDPRIwCFe6B4AaABAg","view source")
186;=HYPERLINK("http://www.youtube.com/@diasciko7949","@diasciko7949");"2025-11-10T11:25:08Z";0;"Bang am,kasih bocil tetap jadi kepling bang am.. karakter bocil uda pas bang am";=HYPERLINK("https://www.youtube.com/watch?v=uzTfLz7E_6A&lc=Ugz60ImdMYxtpZZBlnN4AaABAg","view source")
187;=HYPERLINK("http://www.youtube.com/@antojie-o2p","@antojie-o2p");"2025-11-10T11:23:32Z";0;"Maling pula di rumah orang cacat😂";=HYPERLINK("https://www.youtube.com/watch?v=uzTfLz7E_6A&lc=UgwO0cR7f3Hb14weHE94AaABAg","view source")
188;=HYPERLINK("http://www.youtube.com/@Zulkifli-i7l","@Zulkifli-i7l");"2025-11-10T11:17:22Z";0;"Joel kok gak ada lagi😢";=HYPERLINK("https://www.youtube.com/watch?v=uzTfLz7E_6A&lc=UgyeBYiKbk09URTRACx4AaABAg","view source")
189;=HYPERLINK("http://www.youtube.com/@Haikal0103","@Haikal0103");"2025-11-10T11:58:12Z";0;"Joel balek kampung bg....";=HYPERLINK("https://www.youtube.com/watch?v=uzTfLz7E_6A&lc=UgyeBYiKbk09URTRACx4AaABAg.APLRcFyS6YTAPLWIEtwSmV","view source")
190;=HYPERLINK("http://www.youtube.com/@manatahan7041","@manatahan7041");"2025-11-10T11:12:46Z";3;"Paten penuh adegan yudi. Jadi ngakak😂😂😂😂😂😂😂😂😂😂";=HYPERLINK("https://www.youtube.com/watch?v=uzTfLz7E_6A&lc=Ugx9o9y1Bksxaqn3UcR4AaABAg","view source")
191;=HYPERLINK("http://www.youtube.com/@AlexanderMerlis","@AlexanderMerlis");"2025-11-10T11:12:24Z";0;"Gasssss";=HYPERLINK("https://www.youtube.com/watch?v=uzTfLz7E_6A&lc=Ugz1WJ73awWemk114m54AaABAg","view source")
192;=HYPERLINK("http://www.youtube.com/@Nicoprintis","@Nicoprintis");"2025-11-10T11:10:09Z";0;"Belum makan belum nonton";=HYPERLINK("https://www.youtube.com/watch?v=uzTfLz7E_6A&lc=Ugxix5rxipQfyi7_NUp4AaABAg","view source")
193;=HYPERLINK("http://www.youtube.com/@rezadikpim5506","@rezadikpim5506");"2025-11-10T11:08:56Z";0;"betol??";=HYPERLINK("https://www.youtube.com/watch?v=uzTfLz7E_6A&lc=UgyPOOYT_ceOY_PbfnJ4AaABAg","view source")
194;=HYPERLINK("http://www.youtube.com/@ilhamsaifullah8171","@ilhamsaifullah8171");"2025-11-10T11:08:47Z";0;"CEPAT TAMATKAN AKHIR JABATAN.";=HYPERLINK("https://www.youtube.com/watch?v=uzTfLz7E_6A&lc=UgxuZXdnanT2L8clyBp4AaABAg","view source")
195;=HYPERLINK("http://www.youtube.com/@rickyfernando8462","@rickyfernando8462");"2025-11-10T11:38:00Z";0;"Wkkwkww...udah mau 2 bulan..";=HYPERLINK("https://www.youtube.com/watch?v=uzTfLz7E_6A&lc=UgxuZXdnanT2L8clyBp4AaABAg.APLQdI4kVo2APLTzMQD2z8","view source")
196;=HYPERLINK("http://www.youtube.com/@andreastz17","@andreastz17");"2025-11-10T11:05:54Z";0;"Gondrong harus bertanggung jawab itu woi 🤣🤣🤣";=HYPERLINK("https://www.youtube.com/watch?v=uzTfLz7E_6A&lc=Ugxy3DCsHuYRwhfIrA54AaABAg","view source")
197;=HYPERLINK("http://www.youtube.com/@AbiSlankers","@AbiSlankers");"2025-11-10T11:02:50Z";2;"Uleng blom gabung lagi bang";=HYPERLINK("https://www.youtube.com/watch?v=uzTfLz7E_6A&lc=Ugwwjv1TsyleI-L9CWF4AaABAg","view source")
198;=HYPERLINK("http://www.youtube.com/@farizandrean-f4f","@farizandrean-f4f");"2025-11-10T14:47:17Z";0;"Sibuk kuliah si uleng";=HYPERLINK("https://www.youtube.com/watch?v=uzTfLz7E_6A&lc=Ugwwjv1TsyleI-L9CWF4AaABAg.APLPxldv4NGAPLodceyJiH","view source")
199;=HYPERLINK("http://www.youtube.com/@ZIDANMV2612","@ZIDANMV2612");"2025-11-10T11:02:48Z";0;"Tumben cepet durasinya bng";=HYPERLINK("https://www.youtube.com/watch?v=uzTfLz7E_6A&lc=UgyXeYo5SyBFNGj0Fgh4AaABAg","view source")
200;=HYPERLINK("http://www.youtube.com/@RikaRika-t3b6r","@RikaRika-t3b6r");"2025-11-10T10:55:24Z";0;"Parlay 7 tim Alex Ferguson aja gak bisa nebak😂";=HYPERLINK("https://www.youtube.com/watch?v=uzTfLz7E_6A&lc=UgyKC77cce8c2g99igV4AaABAg","view source")
201;=HYPERLINK("http://www.youtube.com/@smookeycrew9680","@smookeycrew9680");"2025-11-10T10:54:01Z";0;"adir gengs😂";=HYPERLINK("https://www.youtube.com/watch?v=uzTfLz7E_6A&lc=UgwBr32IVe0eC9hCE-Z4AaABAg","view source")
202;=HYPERLINK("http://www.youtube.com/@PasarSabtu-o5g","@PasarSabtu-o5g");"2025-11-10T10:52:21Z";0;"Omak ganteng kali yudi pake helm merah😂😂";=HYPERLINK("https://www.youtube.com/watch?v=uzTfLz7E_6A&lc=UgwncDNzzExYPAzMkI14AaABAg","view source")
203;=HYPERLINK("http://www.youtube.com/@ridosc3102","@ridosc3102");"2025-11-10T10:51:37Z";0;"Oyyy, maulana nya kemana";=HYPERLINK("https://www.youtube.com/watch?v=uzTfLz7E_6A&lc=UgyMRBt7DzDyrO7Ud6p4AaABAg","view source")
204;=HYPERLINK("http://www.youtube.com/@dedisusanto6257","@dedisusanto6257");"2025-11-10T10:49:42Z";0;"Kurasa si kiting kribo ini waria";=HYPERLINK("https://www.youtube.com/watch?v=uzTfLz7E_6A&lc=UgzwJnxMU_BrA00rYQZ4AaABAg","view source")
205;=HYPERLINK("http://www.youtube.com/@MuhammadFurqan-e4m","@MuhammadFurqan-e4m");"2025-11-10T10:49:13Z";0;"joko dh nikah ya";=HYPERLINK("https://www.youtube.com/watch?v=uzTfLz7E_6A&lc=UgwnjJCFWT3goQ5HmAB4AaABAg","view source")
206;=HYPERLINK("http://www.youtube.com/@munamuna376","@munamuna376");"2025-11-10T10:47:59Z";1;"Mantab asend bo gassss";=HYPERLINK("https://www.youtube.com/watch?v=uzTfLz7E_6A&lc=UgxXv3tebNcRtifdzKt4AaABAg","view source")
207;=HYPERLINK("http://www.youtube.com/@MuhamadAlkaosar","@MuhamadAlkaosar");"2025-11-10T10:47:29Z";0;"tembusin 1jt sc biar antb ini semangat bikin kontennya";=HYPERLINK("https://www.youtube.com/watch?v=uzTfLz7E_6A&lc=Ugzbacz3MZtcrfrA3ix4AaABAg","view source")
208;=HYPERLINK("http://www.youtube.com/@fabrisiorolandorolan","@fabrisiorolandorolan");"2025-11-10T10:47:00Z";0;"Kocak abisss nih antb keren bgt jalan ceritanya versi yg ini gokill👏👏🔥🔥🔥🔥🔥 lucu bikin sy tertawa terus setiap kali notif antb muncul video baru😅👍🔥";=HYPERLINK("https://www.youtube.com/watch?v=uzTfLz7E_6A&lc=UgwJf7hLmT_KybNlUKd4AaABAg","view source")
209;=HYPERLINK("http://www.youtube.com/@GilangRamadhan-r2l","@GilangRamadhan-r2l");"2025-11-10T10:44:40Z";0;"Koncet mana vidio hadi";=HYPERLINK("https://www.youtube.com/watch?v=uzTfLz7E_6A&lc=Ugz3Nfvwx-hXWnpfHDx4AaABAg","view source")
210;=HYPERLINK("http://www.youtube.com/@rcieaza","@rcieaza");"2025-11-10T10:44:38Z";0;"Lanjutin akhir jabatan bg";=HYPERLINK("https://www.youtube.com/watch?v=uzTfLz7E_6A&lc=UgynGoCGkn7FU9tCBW14AaABAg","view source")
211;=HYPERLINK("http://www.youtube.com/@rezerseven7779","@rezerseven7779");"2025-11-10T10:40:03Z";0;"Di Tungging part 2 nya bag @antb 12:46";=HYPERLINK("https://www.youtube.com/watch?v=uzTfLz7E_6A&lc=UgxKpv7Hxu7W9kiRDst4AaABAg","view source")
212;=HYPERLINK("http://www.youtube.com/@Dapit05","@Dapit05");"2025-11-10T10:39:57Z";1;"5:48 sekilas yang rambutnya gondrong mirip kali sama bapakku. Sama-sama muka garang 😂";=HYPERLINK("https://www.youtube.com/watch?v=uzTfLz7E_6A&lc=Ugz3B9lpIqRZw1nidl14AaABAg","view source")
213;=HYPERLINK("http://www.youtube.com/@muhalif4093","@muhalif4093");"2025-11-10T10:36:15Z";0;"Pas bgt lagi makan";=HYPERLINK("https://www.youtube.com/watch?v=uzTfLz7E_6A&lc=Ugw1kBdIIdD3jnuxOBZ4AaABAg","view source")
214;=HYPERLINK("http://www.youtube.com/@Rangers-ijau","@Rangers-ijau");"2025-11-10T10:35:55Z";0;"https://youtube.com/shorts/QLhBoYZsaAI?si=L4Aetrx2NgBavsNx";=HYPERLINK("https://www.youtube.com/watch?v=uzTfLz7E_6A&lc=UgzY4MNEkivjL2_QN_l4AaABAg","view source")
215;=HYPERLINK("http://www.youtube.com/@akunff5303","@akunff5303");"2025-11-10T10:35:14Z";3;"mantap kali BG gak pernah ketinggalan awak ABG ku kalau upload 🔥🔥";=HYPERLINK("https://www.youtube.com/watch?v=uzTfLz7E_6A&lc=UgxbAPh_6p51i-jBS794AaABAg","view source")
216;=HYPERLINK("http://www.youtube.com/@miawwwwwwwwwwwwwwwwwwwwwwwwwww","@miawwwwwwwwwwwwwwwwwwwwwwwwwww");"2025-11-10T12:48:37Z";1;"🎉🎉";=HYPERLINK("https://www.youtube.com/watch?v=uzTfLz7E_6A&lc=UgxbAPh_6p51i-jBS794AaABAg.APLMnZ4NxT6APLb3XgLP4j","view source")
217;=HYPERLINK("http://www.youtube.com/@NDK-y5i","@NDK-y5i");"2025-11-10T10:34:35Z";0;"Joko jelek njjinkk";=HYPERLINK("https://www.youtube.com/watch?v=uzTfLz7E_6A&lc=UgyzKPm49GXfYFrtw994AaABAg","view source")
218;=HYPERLINK("http://www.youtube.com/@DeniYusuf-p7n","@DeniYusuf-p7n");"2025-11-10T10:32:50Z";0;"Kebanyakan iklan KONTOL";=HYPERLINK("https://www.youtube.com/watch?v=uzTfLz7E_6A&lc=Ugy1QG7u2eBRG3DG7rB4AaABAg","view source")
219;=HYPERLINK("http://www.youtube.com/@bhr_3","@bhr_3");"2025-11-10T10:32:25Z";0;"Live lagi lah bang, show standup Bang abay kan udah selesai bisa lah live lagi ...";=HYPERLINK("https://www.youtube.com/watch?v=uzTfLz7E_6A&lc=UgxGIqJchTtKcAnqf6t4AaABAg","view source")
220;=HYPERLINK("http://www.youtube.com/@AnjaybedegKiwkiw","@AnjaybedegKiwkiw");"2025-11-10T10:31:25Z";9;"siapkan piring klen antb uda tayang";=HYPERLINK("https://www.youtube.com/watch?v=uzTfLz7E_6A&lc=UgzGm1qkLsQmD1Mb8Q14AaABAg","view source")
221;=HYPERLINK("http://www.youtube.com/@rizkyakbar503","@rizkyakbar503");"2025-11-10T10:28:50Z";7;"2:15 seperti ada suara tambahan";=HYPERLINK("https://www.youtube.com/watch?v=uzTfLz7E_6A&lc=Ugxtw6K5zSfDlhU2oN94AaABAg","view source")
222;=HYPERLINK("http://www.youtube.com/@Muzaffar_2008-M","@Muzaffar_2008-M");"2026-02-20T22:34:06Z";0;"2:15 suara mol nya itu";=HYPERLINK("https://www.youtube.com/watch?v=uzTfLz7E_6A&lc=Ugxtw6K5zSfDlhU2oN94AaABAg.APLM3gTo16YATTI90KUeV1","view source")
223;=HYPERLINK("http://www.youtube.com/@rfgalghzl","@rfgalghzl");"2025-11-10T10:25:52Z";0;"yang di tunggu tunggu🔥🔥";=HYPERLINK("https://www.youtube.com/watch?v=uzTfLz7E_6A&lc=UgxKGJloe0-D5ur_ogx4AaABAg","view source")
224;=HYPERLINK("http://www.youtube.com/@Tanpzzyy","@Tanpzzyy");"2025-11-10T10:22:50Z";1;"Pertama";=HYPERLINK("https://www.youtube.com/watch?v=uzTfLz7E_6A&lc=UgwKnVtfbC6lrsFG0Zp4AaABAg","view source")
225;=HYPERLINK("http://www.youtube.com/@ReoNaldy-r5c","@ReoNaldy-r5c");"2025-11-10T10:21:25Z";0;"Iyaahhh, betul Wkwkwkw";=HYPERLINK("https://www.youtube.com/watch?v=uzTfLz7E_6A&lc=UgwMKM7ZyDeVEbpFRz54AaABAg","view source")
226;=HYPERLINK("http://www.youtube.com/@JepriArdiansyah-ob2gx","@JepriArdiansyah-ob2gx");"2025-11-10T10:20:10Z";0;"Bang am. Lanjut episode akhir jabatan";=HYPERLINK("https://www.youtube.com/watch?v=uzTfLz7E_6A&lc=UgyuHA1_1CD06_snQuF4AaABAg","view source")
227;=HYPERLINK("http://www.youtube.com/@BaGus-c2k8j","@BaGus-c2k8j");"2025-11-10T10:19:56Z";0;"Konten Yang Selalu Ditunggu2 Semangat Bang, Salam JP  𝐒𝐀𝐒𝐓𝐑𝐀𝟒𝐃 ! 🎯""";=HYPERLINK("https://www.youtube.com/watch?v=uzTfLz7E_6A&lc=Ugw-GOBvK8VIBoML_d14AaABAg","view source")
228;=HYPERLINK("http://www.youtube.com/@gullzaibakram.","@gullzaibakram.");"2025-11-10T10:17:37Z";0;"Baru join gak sampai sejam udah pecah maxwin 😭🎉GA 𝐑𝐔𝐃a 𝐇𝐎 KI⚡️";=HYPERLINK("https://www.youtube.com/watch?v=uzTfLz7E_6A&lc=Ugyh8WxUOD567pvMkQB4AaABAg","view source")
229;=HYPERLINK("http://www.youtube.com/@2brothaer-u6y","@2brothaer-u6y");"2025-11-10T10:17:35Z";0;"Member baru✨GA 𝐑𝐔𝐃a 𝐇𝐎 Ki 🌟 nih, gak nyangka langsung dikasih hoki 😍";=HYPERLINK("https://www.youtube.com/watch?v=uzTfLz7E_6A&lc=UgyNWiScCS8DsCacxTJ4AaABAg","view source")
230;=HYPERLINK("http://www.youtube.com/@BOBZIEB","@BOBZIEB");"2025-11-10T10:17:35Z";0;"Iseng daftar ✨GA 𝐑𝐔𝐃a 𝐇𝐎 Ki 🌟, eh malah meledak 15jt,  bikin kaget 💎";=HYPERLINK("https://www.youtube.com/watch?v=uzTfLz7E_6A&lc=UgzbMo1FSZGpmyPi_xp4AaABAg","view source")
231;=HYPERLINK("http://www.youtube.com/@Saifishamajbadboys","@Saifishamajbadboys");"2025-11-10T10:17:21Z";0;"Dari modal receh, hasilnya bikin kaget!❤️GA 𝐑𝐔𝐃a 𝐇𝐎 KI❤️";=HYPERLINK("https://www.youtube.com/watch?v=uzTfLz7E_6A&lc=UgyWm1WMUQ8N7McSiSF4AaABAg","view source")
232;=HYPERLINK("http://www.youtube.com/@house-wife.mother_","@house-wife.mother_");"2025-11-10T10:17:18Z";0;"Member baru ✨GA 𝐑𝐔𝐃a 𝐇𝐎 Ki 🌟langsung jepe, fix sih bukan sekedar mimpi 😍🔥";=HYPERLINK("https://www.youtube.com/watch?v=uzTfLz7E_6A&lc=Ugw3wzZ796-HE3tjDW14AaABAg","view source")
233;=HYPERLINK("http://www.youtube.com/@raka7454","@raka7454");"2025-11-10T10:14:41Z";1;"❤";=HYPERLINK("https://www.youtube.com/watch?v=uzTfLz7E_6A&lc=Ugwoc0srfWxyM6ZfpPp4AaABAg","view source")
234;=HYPERLINK("http://www.youtube.com/@daffafebriansyah6439","@daffafebriansyah6439");"2025-11-11T10:13:04Z";0;"kadol kadol";=HYPERLINK("https://www.youtube.com/watch?v=uzTfLz7E_6A&lc=Ugwoc0srfWxyM6ZfpPp4AaABAg.APLKS48WLIaAPNu3Aji9Xp","view source")
235;=HYPERLINK("http://www.youtube.com/@rezarezareza4299","@rezarezareza4299");"2025-11-10T10:14:06Z";0;"Selalu hadir bg";=HYPERLINK("https://www.youtube.com/watch?v=uzTfLz7E_6A&lc=Ugyoz-92OBeNQyfc11t4AaABAg","view source")
236;=HYPERLINK("http://www.youtube.com/@GabriellaAbigail48-m8i9k","@GabriellaAbigail48-m8i9k");"2025-11-10T10:12:22Z";188;"Siapa disini yang nonton sambil makan";=HYPERLINK("https://www.youtube.com/watch?v=uzTfLz7E_6A&lc=UgwlvF0mmCgenmIuU1V4AaABAg","view source")
237;=HYPERLINK("http://www.youtube.com/@MasHen-v5s","@MasHen-v5s");"2025-11-10T11:12:55Z";4;"Aku";=HYPERLINK("https://www.youtube.com/watch?v=uzTfLz7E_6A&lc=UgwlvF0mmCgenmIuU1V4AaABAg.APLKB8AJK2yAPLR6_SQpWn","view source")
238;=HYPERLINK("http://www.youtube.com/@pasienPasien112","@pasienPasien112");"2025-11-10T11:16:36Z";1;"Iki pasti bos";=HYPERLINK("https://www.youtube.com/watch?v=uzTfLz7E_6A&lc=UgwlvF0mmCgenmIuU1V4AaABAg.APLKB8AJK2yAPLRXaBEDKu","view source")
239;=HYPERLINK("http://www.youtube.com/@hendriarwansyajari5781","@hendriarwansyajari5781");"2025-11-10T11:30:41Z";0;"Aku sambil berak";=HYPERLINK("https://www.youtube.com/watch?v=uzTfLz7E_6A&lc=UgwlvF0mmCgenmIuU1V4AaABAg.APLKB8AJK2yAPLT8hF3LE_","view source")
240;=HYPERLINK("http://www.youtube.com/@aldioranggina7826","@aldioranggina7826");"2025-11-10T11:34:17Z";0;"Klo aku nonton sambil ngentod bang";=HYPERLINK("https://www.youtube.com/watch?v=uzTfLz7E_6A&lc=UgwlvF0mmCgenmIuU1V4AaABAg.APLKB8AJK2yAPLTZ42Q6CV","view source")
241;=HYPERLINK("http://www.youtube.com/@ilhambersaudara","@ilhambersaudara");"2025-11-10T11:55:37Z";0;"bukan makan aja, di wc pun ku tonton ni bang";=HYPERLINK("https://www.youtube.com/watch?v=uzTfLz7E_6A&lc=UgwlvF0mmCgenmIuU1V4AaABAg.APLKB8AJK2yAPLW-NSvzDC","view source")
242;=HYPERLINK("http://www.youtube.com/@mhdariefriyanto3979","@mhdariefriyanto3979");"2025-11-10T12:06:16Z";2;"iya cuman kau kok";=HYPERLINK("https://www.youtube.com/watch?v=uzTfLz7E_6A&lc=UgwlvF0mmCgenmIuU1V4AaABAg.APLKB8AJK2yAPLXDJMLtS5","view source")
243;=HYPERLINK("http://www.youtube.com/@Nia_911","@Nia_911");"2025-11-10T12:07:14Z";2;"Sambil kayang";=HYPERLINK("https://www.youtube.com/watch?v=uzTfLz7E_6A&lc=UgwlvF0mmCgenmIuU1V4AaABAg.APLKB8AJK2yAPLXKTGXjFt","view source")
244;=HYPERLINK("http://www.youtube.com/@khanifMaulanadiaz","@khanifMaulanadiaz");"2025-11-10T12:21:04Z";1;"aku";=HYPERLINK("https://www.youtube.com/watch?v=uzTfLz7E_6A&lc=UgwlvF0mmCgenmIuU1V4AaABAg.APLKB8AJK2yAPLYukng6DJ","view source")
245;=HYPERLINK("http://www.youtube.com/@irvangiffaryazra9990","@irvangiffaryazra9990");"2025-11-10T12:28:15Z";0;"Ini lagi makan 😅";=HYPERLINK("https://www.youtube.com/watch?v=uzTfLz7E_6A&lc=UgwlvF0mmCgenmIuU1V4AaABAg.APLKB8AJK2yAPLZjKEuBZt","view source")
246;=HYPERLINK("http://www.youtube.com/@HamdiMarpaung","@HamdiMarpaung");"2025-11-10T12:38:24Z";1;"uwak kau";=HYPERLINK("https://www.youtube.com/watch?v=uzTfLz7E_6A&lc=UgwlvF0mmCgenmIuU1V4AaABAg.APLKB8AJK2yAPL_tlak_9e","view source")
247;=HYPERLINK("http://www.youtube.com/@miawwwwwwwwwwwwwwwwwwwwwwwwwww","@miawwwwwwwwwwwwwwwwwwwwwwwwwww");"2025-11-10T12:47:59Z";2;"Aku";=HYPERLINK("https://www.youtube.com/watch?v=uzTfLz7E_6A&lc=UgwlvF0mmCgenmIuU1V4AaABAg.APLKB8AJK2yAPLazs7J4lW","view source")
248;=HYPERLINK("http://www.youtube.com/@fajarwirawan2349","@fajarwirawan2349");"2025-11-10T13:07:48Z";0;"Aku";=HYPERLINK("https://www.youtube.com/watch?v=uzTfLz7E_6A&lc=UgwlvF0mmCgenmIuU1V4AaABAg.APLKB8AJK2yAPLdG0UJGQR","view source")
249;=HYPERLINK("http://www.youtube.com/@afrianafrian9220","@afrianafrian9220");"2025-11-10T13:19:18Z";0;"Hadir bang";=HYPERLINK("https://www.youtube.com/watch?v=uzTfLz7E_6A&lc=UgwlvF0mmCgenmIuU1V4AaABAg.APLKB8AJK2yAPLe_DJsPAJ","view source")
250;=HYPERLINK("http://www.youtube.com/@Aqiashafasyahlaa","@Aqiashafasyahlaa");"2025-11-10T14:03:29Z";0;"Lagi berak";=HYPERLINK("https://www.youtube.com/watch?v=uzTfLz7E_6A&lc=UgwlvF0mmCgenmIuU1V4AaABAg.APLKB8AJK2yAPLjcobvzzC","view source")
251;=HYPERLINK("http://www.youtube.com/@awankinton-w7m","@awankinton-w7m");"2025-11-10T14:24:00Z";0;"Baru siap";=HYPERLINK("https://www.youtube.com/watch?v=uzTfLz7E_6A&lc=UgwlvF0mmCgenmIuU1V4AaABAg.APLKB8AJK2yAPLlz9Q58QG","view source")
252;=HYPERLINK("http://www.youtube.com/@Kutakuta-w2t","@Kutakuta-w2t");"2025-11-10T14:41:42Z";0;"Aku";=HYPERLINK("https://www.youtube.com/watch?v=uzTfLz7E_6A&lc=UgwlvF0mmCgenmIuU1V4AaABAg.APLKB8AJK2yAPLo-nIK4VK","view source")
253;=HYPERLINK("http://www.youtube.com/@patin77","@patin77");"2025-11-10T14:53:08Z";0;"Me";=HYPERLINK("https://www.youtube.com/watch?v=uzTfLz7E_6A&lc=UgwlvF0mmCgenmIuU1V4AaABAg.APLKB8AJK2yAPLpJZP2s5i","view source")
254;=HYPERLINK("http://www.youtube.com/@rezareza-ri9kc","@rezareza-ri9kc");"2025-11-10T15:03:19Z";0;"Sama koncet";=HYPERLINK("https://www.youtube.com/watch?v=uzTfLz7E_6A&lc=UgwlvF0mmCgenmIuU1V4AaABAg.APLKB8AJK2yAPLqU6CfpMC","view source")
255;=HYPERLINK("http://www.youtube.com/@MASPRESET-k9j","@MASPRESET-k9j");"2025-11-10T16:26:42Z";0;"saya 🗿";=HYPERLINK("https://www.youtube.com/watch?v=uzTfLz7E_6A&lc=UgwlvF0mmCgenmIuU1V4AaABAg.APLKB8AJK2yAPM-0rQIEEM","view source")
256;=HYPERLINK("http://www.youtube.com/@ekibalrifky3056","@ekibalrifky3056");"2025-11-10T17:24:00Z";0;"Hadir setiap mau makan hrus putar dlu walaupun sdah berapa kali nnton";=HYPERLINK("https://www.youtube.com/watch?v=uzTfLz7E_6A&lc=UgwlvF0mmCgenmIuU1V4AaABAg.APLKB8AJK2yAPM5_Tt4_X8","view source")
257;=HYPERLINK("http://www.youtube.com/@salmansalmanalfarichi7051","@salmansalmanalfarichi7051");"2025-11-10T17:31:45Z";0;"Seandainya bisa komentar foto udh gw foto gw nonton sambil mkn😂";=HYPERLINK("https://www.youtube.com/watch?v=uzTfLz7E_6A&lc=UgwlvF0mmCgenmIuU1V4AaABAg.APLKB8AJK2yAPM6THyyf6D","view source")
258;=HYPERLINK("http://www.youtube.com/@begitulah317","@begitulah317");"2025-11-10T17:40:51Z";0;"Sambil bokerr ✋";=HYPERLINK("https://www.youtube.com/watch?v=uzTfLz7E_6A&lc=UgwlvF0mmCgenmIuU1V4AaABAg.APLKB8AJK2yAPM7Vs9yFTv","view source")
259;=HYPERLINK("http://www.youtube.com/@RyanIyan-k6k","@RyanIyan-k6k");"2025-11-10T18:05:47Z";0;"Gaje";=HYPERLINK("https://www.youtube.com/watch?v=uzTfLz7E_6A&lc=UgwlvF0mmCgenmIuU1V4AaABAg.APLKB8AJK2yAPMAMVmcrJf","view source")
260;=HYPERLINK("http://www.youtube.com/@AgustriPakpahan-y6u","@AgustriPakpahan-y6u");"2025-11-10T18:18:24Z";0;"Itu itu aja pun kau bilang";=HYPERLINK("https://www.youtube.com/watch?v=uzTfLz7E_6A&lc=UgwlvF0mmCgenmIuU1V4AaABAg.APLKB8AJK2yAPMBnyXL3kT","view source")
261;=HYPERLINK("http://www.youtube.com/@aldyfebriansyah7114","@aldyfebriansyah7114");"2025-11-10T22:52:21Z";0;"sambil makan sekeluarga besar";=HYPERLINK("https://www.youtube.com/watch?v=uzTfLz7E_6A&lc=UgwlvF0mmCgenmIuU1V4AaABAg.APLKB8AJK2yAPMg9PT8Cyt","view source")
262;=HYPERLINK("http://www.youtube.com/@rizkykhairi1278","@rizkykhairi1278");"2025-11-10T23:19:15Z";0;"Aku kali la dekku";=HYPERLINK("https://www.youtube.com/watch?v=uzTfLz7E_6A&lc=UgwlvF0mmCgenmIuU1V4AaABAg.APLKB8AJK2yAPMjET0b8dP","view source")
263;=HYPERLINK("http://www.youtube.com/@HendroPpl123","@HendroPpl123");"2025-11-11T01:52:56Z";0;"Sambil ngews 🤚";=HYPERLINK("https://www.youtube.com/watch?v=uzTfLz7E_6A&lc=UgwlvF0mmCgenmIuU1V4AaABAg.APLKB8AJK2yAPN-p24HcUn","view source")
264;=HYPERLINK("http://www.youtube.com/@irwansahcomirwansahcom801","@irwansahcomirwansahcom801");"2025-11-11T05:07:25Z";0;"Aku nonton sambil berak😂😂";=HYPERLINK("https://www.youtube.com/watch?v=uzTfLz7E_6A&lc=UgwlvF0mmCgenmIuU1V4AaABAg.APLKB8AJK2yAPNM4W_w8UC","view source")
265;=HYPERLINK("http://www.youtube.com/@Pii-25L","@Pii-25L");"2025-11-11T05:44:40Z";0;"pasti aing wkwkwk perut kenyang, hati pun senang";=HYPERLINK("https://www.youtube.com/watch?v=uzTfLz7E_6A&lc=UgwlvF0mmCgenmIuU1V4AaABAg.APLKB8AJK2yAPNQLGQTmKL","view source")
266;=HYPERLINK("http://www.youtube.com/@Projo12-o3d","@Projo12-o3d");"2025-11-11T14:58:03Z";0;"Kalau aku sambil ngocok";=HYPERLINK("https://www.youtube.com/watch?v=uzTfLz7E_6A&lc=UgwlvF0mmCgenmIuU1V4AaABAg.APLKB8AJK2yAPOPfNevJfz","view source")
267;=HYPERLINK("http://www.youtube.com/@MonyetLaut","@MonyetLaut");"2025-11-11T19:03:54Z";0;"Woi​@HendroPpl123";=HYPERLINK("https://www.youtube.com/watch?v=uzTfLz7E_6A&lc=UgwlvF0mmCgenmIuU1V4AaABAg.APLKB8AJK2yAPOqo574Muy","view source")
268;=HYPERLINK("http://www.youtube.com/@SIBUEA-18","@SIBUEA-18");"2025-11-12T02:01:05Z";0;"Aku";=HYPERLINK("https://www.youtube.com/watch?v=uzTfLz7E_6A&lc=UgwlvF0mmCgenmIuU1V4AaABAg.APLKB8AJK2yAPPaY_oXzBR","view source")
269;=HYPERLINK("http://www.youtube.com/@haldimandalahi","@haldimandalahi");"2025-11-12T02:48:25Z";0;"Sambil berak hadir";=HYPERLINK("https://www.youtube.com/watch?v=uzTfLz7E_6A&lc=UgwlvF0mmCgenmIuU1V4AaABAg.APLKB8AJK2yAPPfyJ_U2OO","view source")
270;=HYPERLINK("http://www.youtube.com/@BenyMbendol-de7mv","@BenyMbendol-de7mv");"2025-11-12T09:22:31Z";0;"saya";=HYPERLINK("https://www.youtube.com/watch?v=uzTfLz7E_6A&lc=UgwlvF0mmCgenmIuU1V4AaABAg.APLKB8AJK2yAPQO3nG6wuf","view source")
271;=HYPERLINK("http://www.youtube.com/@MamakSafna","@MamakSafna");"2025-11-12T10:31:06Z";0;"☝🏻";=HYPERLINK("https://www.youtube.com/watch?v=uzTfLz7E_6A&lc=UgwlvF0mmCgenmIuU1V4AaABAg.APLKB8AJK2yAPQVv40Ou2l","view source")
272;=HYPERLINK("http://www.youtube.com/@BrianMcknight5199","@BrianMcknight5199");"2025-11-12T10:48:38Z";0;"Aku bang";=HYPERLINK("https://www.youtube.com/watch?v=uzTfLz7E_6A&lc=UgwlvF0mmCgenmIuU1V4AaABAg.APLKB8AJK2yAPQXvXWW7Nn","view source")
273;=HYPERLINK("http://www.youtube.com/@JimbaGodo","@JimbaGodo");"2025-11-12T10:55:52Z";0;"samaa";=HYPERLINK("https://www.youtube.com/watch?v=uzTfLz7E_6A&lc=UgwlvF0mmCgenmIuU1V4AaABAg.APLKB8AJK2yAPQYkXeAzwF","view source")
274;=HYPERLINK("http://www.youtube.com/@ustadj.akmalrizkigunawanha9642","@ustadj.akmalrizkigunawanha9642");"2025-11-12T10:56:32Z";0;"Aku dek";=HYPERLINK("https://www.youtube.com/watch?v=uzTfLz7E_6A&lc=UgwlvF0mmCgenmIuU1V4AaABAg.APLKB8AJK2yAPQYpOyj5_Z","view source")
275;=HYPERLINK("http://www.youtube.com/@riyanhidayat9357","@riyanhidayat9357");"2025-11-12T11:45:51Z";0;"sayaa";=HYPERLINK("https://www.youtube.com/watch?v=uzTfLz7E_6A&lc=UgwlvF0mmCgenmIuU1V4AaABAg.APLKB8AJK2yAPQdTX5bu_V","view source")
276;=HYPERLINK("http://www.youtube.com/@kuneruchelsea9938","@kuneruchelsea9938");"2025-11-12T12:56:47Z";0;"Sya";=HYPERLINK("https://www.youtube.com/watch?v=uzTfLz7E_6A&lc=UgwlvF0mmCgenmIuU1V4AaABAg.APLKB8AJK2yAPQla47fnRz","view source")
277;=HYPERLINK("http://www.youtube.com/@Puki-zo8nb","@Puki-zo8nb");"2025-11-12T22:28:52Z";0;"aku";=HYPERLINK("https://www.youtube.com/watch?v=uzTfLz7E_6A&lc=UgwlvF0mmCgenmIuU1V4AaABAg.APLKB8AJK2yAPRn3E05fLX","view source")
278;=HYPERLINK("http://www.youtube.com/@apri5329","@apri5329");"2025-11-14T06:39:02Z";0;"sambil berak";=HYPERLINK("https://www.youtube.com/watch?v=uzTfLz7E_6A&lc=UgwlvF0mmCgenmIuU1V4AaABAg.APLKB8AJK2yAPVEx5ixozn","view source")
279;=HYPERLINK("http://www.youtube.com/@openrentcarkepri5933","@openrentcarkepri5933");"2025-11-20T13:17:01Z";0;"saya";=HYPERLINK("https://www.youtube.com/watch?v=uzTfLz7E_6A&lc=UgwlvF0mmCgenmIuU1V4AaABAg.APLKB8AJK2yAPkPGGoR0CM","view source")
280;=HYPERLINK("http://www.youtube.com/@mukzimukh4685","@mukzimukh4685");"2025-11-20T17:20:44Z";0;"Lgi beral bray";=HYPERLINK("https://www.youtube.com/watch?v=uzTfLz7E_6A&lc=UgwlvF0mmCgenmIuU1V4AaABAg.APLKB8AJK2yAPkq9ND90R3","view source")
281;=HYPERLINK("http://www.youtube.com/@dooiblaze912","@dooiblaze912");"2025-11-22T06:47:04Z";0;"akuu 😂";=HYPERLINK("https://www.youtube.com/watch?v=uzTfLz7E_6A&lc=UgwlvF0mmCgenmIuU1V4AaABAg.APLKB8AJK2yAPorE-99PHq","view source")
282;=HYPERLINK("http://www.youtube.com/@GalangSelpi","@GalangSelpi");"2025-12-06T02:11:10Z";0;"Aku njirr, wkwk sudah kebiasaan ku nnton antb smbil mkn";=HYPERLINK("https://www.youtube.com/watch?v=uzTfLz7E_6A&lc=UgwlvF0mmCgenmIuU1V4AaABAg.APLKB8AJK2yAQNPmQ4D6pz","view source")
283;=HYPERLINK("http://www.youtube.com/@ARDIAnsyah-l3l","@ARDIAnsyah-l3l");"2026-01-02T05:35:54Z";0;"Akuuuuuuuuuuuuuuuuuuuuuuuuuuuuuuuuuuuuuuuuuuuuuuuuuuuuuuuuuuuuuuuuuuuuuuuuuuuuuuuuuuuuuuuuuuuuuuuuu";=HYPERLINK("https://www.youtube.com/watch?v=uzTfLz7E_6A&lc=UgwlvF0mmCgenmIuU1V4AaABAg.APLKB8AJK2yARTIfYypqnt","view source")
284;=HYPERLINK("http://www.youtube.com/@adchannel4544","@adchannel4544");"2026-01-08T13:52:39Z";0;"aku bang, tiap mkn pasti nonton bang abay, salam dari malaysia😂";=HYPERLINK("https://www.youtube.com/watch?v=uzTfLz7E_6A&lc=UgwlvF0mmCgenmIuU1V4AaABAg.APLKB8AJK2yARidI6Xe8o2","view source")
285;=HYPERLINK("http://www.youtube.com/@AidilMuhammadaidil-fw2cb","@AidilMuhammadaidil-fw2cb");"2026-01-21T05:49:08Z";0;"Aku";=HYPERLINK("https://www.youtube.com/watch?v=uzTfLz7E_6A&lc=UgwlvF0mmCgenmIuU1V4AaABAg.APLKB8AJK2yASEFI0Uhh65","view source")
286;=HYPERLINK("http://www.youtube.com/@afiframadani5247","@afiframadani5247");"2025-11-10T10:12:19Z";0;"10 menit ah";=HYPERLINK("https://www.youtube.com/watch?v=uzTfLz7E_6A&lc=Ugy9nAgDx39Ob2ytKbd4AaABAg","view source")
287;=HYPERLINK("http://www.youtube.com/@egenagak121","@egenagak121");"2025-11-10T10:10:48Z";0;"1000 orang pertama";=HYPERLINK("https://www.youtube.com/watch?v=uzTfLz7E_6A&lc=Ugz2sU_iF1i75IV-2Vp4AaABAg","view source")
288;=HYPERLINK("http://www.youtube.com/@AkiraNmcy","@AkiraNmcy");"2025-11-10T10:08:43Z";0;"whoop";=HYPERLINK("https://www.youtube.com/watch?v=uzTfLz7E_6A&lc=UgzkOh0ZdlTU-U1XKQV4AaABAg","view source")
289;=HYPERLINK("http://www.youtube.com/@tlidcanz","@tlidcanz");"2025-11-10T10:07:11Z";0;"KAPAN NIH KONTEN MU LAGI";=HYPERLINK("https://www.youtube.com/watch?v=uzTfLz7E_6A&lc=UgwhtI6tUm8AhVL7h914AaABAg","view source")
290;=HYPERLINK("http://www.youtube.com/@aktorkompersal9716","@aktorkompersal9716");"2025-11-10T10:07:09Z";0;"bang joel dh jarang ikutan knp ya bang";=HYPERLINK("https://www.youtube.com/watch?v=uzTfLz7E_6A&lc=UgyXwcBKtoJLOKmBCtB4AaABAg","view source")
291;=HYPERLINK("http://www.youtube.com/@khairulsaputra5043","@khairulsaputra5043");"2025-11-10T10:07:01Z";9;"Seperti biasa nonton ini sambil mkn😃";=HYPERLINK("https://www.youtube.com/watch?v=uzTfLz7E_6A&lc=UgyFRf4jcSIdI2zBDXR4AaABAg","view source")
292;=HYPERLINK("http://www.youtube.com/@miawwwwwwwwwwwwwwwwwwwwwwwwwww","@miawwwwwwwwwwwwwwwwwwwwwwwwwww");"2025-11-10T12:48:18Z";1;"Iyah 🥰";=HYPERLINK("https://www.youtube.com/watch?v=uzTfLz7E_6A&lc=UgyFRf4jcSIdI2zBDXR4AaABAg.APLJZwHDa86APLb1Fvjggg","view source")
293;=HYPERLINK("http://www.youtube.com/@syamhari6916","@syamhari6916");"2025-11-10T16:18:57Z";1;"Wkkw sama BG asli😂 wajib pas mau makan";=HYPERLINK("https://www.youtube.com/watch?v=uzTfLz7E_6A&lc=UgyFRf4jcSIdI2zBDXR4AaABAg.APLJZwHDa86APLz86wmK-G","view source")
294;=HYPERLINK("http://www.youtube.com/@adeemahkotaa_","@adeemahkotaa_");"2025-11-11T13:07:10Z";0;"sambil berak bg";=HYPERLINK("https://www.youtube.com/watch?v=uzTfLz7E_6A&lc=UgyFRf4jcSIdI2zBDXR4AaABAg.APLJZwHDa86APOCzIOro_d","view source")
295;=HYPERLINK("http://www.youtube.com/@BintangYudha-c7y","@BintangYudha-c7y");"2025-11-10T10:06:30Z";4;"Antb selalu ku nantikan, sukses terus Abang awak";=HYPERLINK("https://www.youtube.com/watch?v=uzTfLz7E_6A&lc=UgxUZ0wjYHTY1EiD7lR4AaABAg","view source")
296;=HYPERLINK("http://www.youtube.com/@TakDapat-y3z8u","@TakDapat-y3z8u");"2025-11-10T10:05:11Z";1;"P";=HYPERLINK("https://www.youtube.com/watch?v=uzTfLz7E_6A&lc=UgwQm8IWGWklvtARayZ4AaABAg","view source")
297;=HYPERLINK("http://www.youtube.com/@bangpurb4","@bangpurb4");"2025-11-10T10:04:35Z";0;"Mantaaap";=HYPERLINK("https://www.youtube.com/watch?v=uzTfLz7E_6A&lc=UgyTFmzeeXx5VmQ5Ab14AaABAg","view source")
298;=HYPERLINK("http://www.youtube.com/@NurKholis-qr3tz","@NurKholis-qr3tz");"2025-11-10T10:04:29Z";0;"TANJUNGPINANG";=HYPERLINK("https://www.youtube.com/watch?v=uzTfLz7E_6A&lc=Ugwk9bku-TdWhpBTMhl4AaABAg","view source")
299;=HYPERLINK("http://www.youtube.com/@herualan2613","@herualan2613");"2025-11-10T10:03:57Z";1;"Yang jarang komen, tapi selalu setia nonton 😊";=HYPERLINK("https://www.youtube.com/watch?v=uzTfLz7E_6A&lc=Ugwvqmawzz9gtayvkdp4AaABAg","view source")
300;=HYPERLINK("http://www.youtube.com/@AhmadHidayat-pb3li","@AhmadHidayat-pb3li");"2025-11-10T17:20:55Z";1;"hadir bang";=HYPERLINK("https://www.youtube.com/watch?v=uzTfLz7E_6A&lc=Ugwvqmawzz9gtayvkdp4AaABAg.APLJDUHebmlAPM5DrqlJm6","view source")
301;=HYPERLINK("http://www.youtube.com/@HerliyaniSarasti","@HerliyaniSarasti");"2025-11-10T10:03:43Z";0;"Ke 23 bang";=HYPERLINK("https://www.youtube.com/watch?v=uzTfLz7E_6A&lc=UgztXSxu6VejTj-YUnl4AaABAg","view source")
302;=HYPERLINK("http://www.youtube.com/@podcast_natural","@podcast_natural");"2025-11-10T10:03:29Z";0;"frash";=HYPERLINK("https://www.youtube.com/watch?v=uzTfLz7E_6A&lc=Ugz7SRLhp-eKeJFeyL14AaABAg","view source")
303;=HYPERLINK("http://www.youtube.com/@Khairil_0809","@Khairil_0809");"2025-11-10T10:03:12Z";0;"Ke 2³😂";=HYPERLINK("https://www.youtube.com/watch?v=uzTfLz7E_6A&lc=UgxviRPHcNsBtZV3gMh4AaABAg","view source")
304;=HYPERLINK("http://www.youtube.com/@forsakendoll","@forsakendoll");"2025-11-10T10:03:05Z";1;"Klo MU menang pasti update nya cepat 😅";=HYPERLINK("https://www.youtube.com/watch?v=uzTfLz7E_6A&lc=Ugzwmh-wLRY6s4s5Joh4AaABAg","view source")
305;=HYPERLINK("http://www.youtube.com/@iqbalv46","@iqbalv46");"2025-11-10T10:07:47Z";1;"biasakan kalau panggil MU itu diawali King MU itu adab😜";=HYPERLINK("https://www.youtube.com/watch?v=uzTfLz7E_6A&lc=Ugzwmh-wLRY6s4s5Joh4AaABAg.APLJ76erO2pAPLJeZEE2gW","view source")
306;=HYPERLINK("http://www.youtube.com/@GabrielWitak","@GabrielWitak");"2025-11-10T10:03:04Z";0;"Sukses terus antb";=HYPERLINK("https://www.youtube.com/watch?v=uzTfLz7E_6A&lc=UgwZ9-CAsreCkFsehvJ4AaABAg","view source")
307;=HYPERLINK("http://www.youtube.com/@jumaidinajib9039","@jumaidinajib9039");"2025-11-10T10:03:00Z";0;"Tiap sore upload  👇🏻";=HYPERLINK("https://www.youtube.com/watch?v=uzTfLz7E_6A&lc=UgypYleN0lTCWQiQOEJ4AaABAg","view source")
308;=HYPERLINK("http://www.youtube.com/@zakiraihanx","@zakiraihanx");"2025-11-10T10:02:54Z";0;"Pass kali ah mie gua matengg";=HYPERLINK("https://www.youtube.com/watch?v=uzTfLz7E_6A&lc=UgzlNGYgoOdHB4PSoMN4AaABAg","view source")
309;=HYPERLINK("http://www.youtube.com/@irfanprisma4028","@irfanprisma4028");"2025-11-10T10:02:49Z";0;"Bangg";=HYPERLINK("https://www.youtube.com/watch?v=uzTfLz7E_6A&lc=UgxR3MfsAZvaLGaLBH54AaABAg","view source")
310;=HYPERLINK("http://www.youtube.com/@rahmathidayat7834","@rahmathidayat7834");"2025-11-10T10:02:46Z";0;"1";=HYPERLINK("https://www.youtube.com/watch?v=uzTfLz7E_6A&lc=UgwSKp64eyZeNX7NqkZ4AaABAg","view source")
311;=HYPERLINK("http://www.youtube.com/@BlooAnipar","@BlooAnipar");"2025-11-10T10:02:46Z";0;"fresh";=HYPERLINK("https://www.youtube.com/watch?v=uzTfLz7E_6A&lc=UgyUAzd5GvZO-jNCO0R4AaABAg","view source")
312;=HYPERLINK("http://www.youtube.com/@AdriansyahPrasetya-s4w","@AdriansyahPrasetya-s4w");"2025-11-10T10:02:35Z";0;"pertama";=HYPERLINK("https://www.youtube.com/watch?v=uzTfLz7E_6A&lc=Ugw9lbFL5SZIezIsrWN4AaABAg","view source")
313;=HYPERLINK("http://www.youtube.com/@rikyahmad1822","@rikyahmad1822");"2025-11-10T10:02:19Z";0;"ke 2";=HYPERLINK("https://www.youtube.com/watch?v=uzTfLz7E_6A&lc=UgzIonkILoS7F-svuyZ4AaABAg","view source")
314;=HYPERLINK("http://www.youtube.com/@RemonFernando-l5l","@RemonFernando-l5l");"2025-11-10T10:02:15Z";1;"wak baru upload dia";=HYPERLINK("https://www.youtube.com/watch?v=uzTfLz7E_6A&lc=UgyOuq6tc3zMH4-uf4Z4AaABAg","view source")
315;=HYPERLINK("http://www.youtube.com/@PancaWijaya0802","@PancaWijaya0802");"2025-11-10T10:02:11Z";0;"pert😢";=HYPERLINK("https://www.youtube.com/watch?v=uzTfLz7E_6A&lc=UgxE-pyhcimiohGOcy94AaABAg","view source")
316;=HYPERLINK("http://www.youtube.com/@IrfanPrasongko","@IrfanPrasongko");"2025-11-10T10:02:08Z";0;"Pertama bank";=HYPERLINK("https://www.youtube.com/watch?v=uzTfLz7E_6A&lc=UgzDSPgJxA2L1wDP7Tl4AaABAg","view source")
317;=HYPERLINK("http://www.youtube.com/@tidaklogiskamu","@tidaklogiskamu");"2025-11-10T10:02:04Z";0;"pertama bang am";=HYPERLINK("https://www.youtube.com/watch?v=uzTfLz7E_6A&lc=UgyzqP4rmBvjbydHJzF4AaABAg","view source")
318;=HYPERLINK("http://www.youtube.com/@f3rrFalzz","@f3rrFalzz");"2025-11-10T10:02:04Z";0;"19 detik bg";=HYPERLINK("https://www.youtube.com/watch?v=uzTfLz7E_6A&lc=Ugyv33O_jcMs-pZn2_h4AaABAg","view source")
319;=HYPERLINK("http://www.youtube.com/@evanputrat7069","@evanputrat7069");"2025-11-10T10:02:03Z";0;"PEEE";=HYPERLINK("https://www.youtube.com/watch?v=uzTfLz7E_6A&lc=UgzQ1jj78LuYgWcgNFZ4AaABAg","view source")
320;=HYPERLINK("http://www.youtube.com/@DevJ-y3q","@DevJ-y3q");"2025-11-10T10:02:01Z";0;"15 detik yg lalu njirr pertama nih";=HYPERLINK("https://www.youtube.com/watch?v=uzTfLz7E_6A&lc=UgxJBLwj7Qp1gMAtlJZ4AaABAg","view source")
321;=HYPERLINK("http://www.youtube.com/@dikafawaid2231","@dikafawaid2231");"2025-11-10T10:01:59Z";0;"Banyuwangi hadir pertama abang awak";=HYPERLINK("https://www.youtube.com/watch?v=uzTfLz7E_6A&lc=Ugwqg0E3kRQpTAhyPkN4AaABAg","view source")
322;=HYPERLINK("http://www.youtube.com/@ngurahyogi2558","@ngurahyogi2558");"2025-11-10T10:01:59Z";0;"ahh msi freshh❤";=HYPERLINK("https://www.youtube.com/watch?v=uzTfLz7E_6A&lc=UgxQTVkhe2WQqFcVG-54AaABAg","view source")
323;=HYPERLINK("http://www.youtube.com/@syahrulainur6340","@syahrulainur6340");"2025-11-10T10:01:58Z";0;"Pertama ndrong";=HYPERLINK("https://www.youtube.com/watch?v=uzTfLz7E_6A&lc=UgzANEL2n-dYHznxcQd4AaABAg","view source")
324;=HYPERLINK("http://www.youtube.com/@bahrianmukhfi5920","@bahrianmukhfi5920");"2025-11-10T10:01:53Z";0;"first lek";=HYPERLINK("https://www.youtube.com/watch?v=uzTfLz7E_6A&lc=Ugy-FAUKPW-mVcz-ufx4AaABAg","view source")
325;=HYPERLINK("http://www.youtube.com/@HKYKRNWAN_03","@HKYKRNWAN_03");"2025-11-10T10:01:51Z";0;"Awal";=HYPERLINK("https://www.youtube.com/watch?v=uzTfLz7E_6A&lc=UgxZHw0oFv_vi2JHuc14AaABAg","view source")