Comment,comment_cleaned,label
"Tolol mata tolol 7juta,kok 77juta tolol",tolol mata tolol 7juta kok 77juta tolol,0
"pergi aja randa udah ga lucu banyak kali gayanya, kayaknya pengen banget dia di pandang keras telor banyak gaya",pergi aja randa udah ga lucu banyak kali gayanya kayaknya pengen banget dia di pandang keras telor banyak gaya,0
"Randa GK cocok main di antb,mending amri",randa gk cocok main di antb mending amri,0
Kepling bodoh satpam tolo Tempat sembunyian na kecil duduk ih na lihat ko iya bodoh,kepling bodoh satpam tolo tempat sembunyian na kecil duduk ih na lihat ko iya bodoh,0
ntap,ntap,0
"Sahril Yasman Amri balikin lahh,Randa out aja garing",sahril yasman amri balikin lahh randa out aja garing,0
Joko😂,joko,0
bukanny siran pake pertalite malah siram pake sirup marjan,bukanny siran pake pertalite malah siram pake sirup marjan,0
Cuma main di ⚡𝙐𝙇𝙏𝙄𝙈𝘼𝙎𝙇𝙊𝙏⚡ doang saldo auto masuk 50 jt boss 🤩😎,cuma main di ultimaslot doang saldo auto masuk 5o jt boss,1
Joko sama abay kalo join senang kali aku wkwkw,joko sama abay kalo join senang kali aku wkwkw,0
Mending Amri dari pada randa,mending amri dari pada randa,0
"Randa merusak alur komedi garing.  Kembalikan pemain lama atau aku bersama yang lain 1 desa dan kelurahan , stop menonton.",randa merusak alur komedi garing kembalikan pemain lama atau aku bersama yang lain 1 desa dan kelurahan stop menonton,0
"Makin kesini, makin gk pernah dibalas",makin kesini makin gk pernah dibalas,0
joko semangat kali mukulnya,joko semangat kali mukulnya,0
Randaout,randaout,0
kolab sama @deni creator bang,kolab sama adeni creator bang,0
anjay,anjay,0
uleng paling lucu.,uleng paling lucu,0
Amri gak tampil lagi,amri gak tampil lagi,0
Ga pernah gagal🔥𝒑𝒓𝒂𝒔𝒂𝒔𝒕𝒊 𝒈𝒂𝒎𝒊𝒏𝒈🔥emang paling seru kalau konten nya anak medan,ga pernah gagalprasasti gamingemang paling seru kalau konten nya anak medan,1
Kepling anjeng,kepling anjeng,0
"Fadli out, gaya ngomong nya bikin palak orang",fadli out gaya ngomong nya bikin palak orang,0
Serius bang kok gw gampang amat sih dapat main beginian..heran juga hahahaha 𝑷𝑳𝑨𝒁𝑨𝑩𝑶𝑳𝑨 🎉🎉🎉,serius bang kok gw gampang amat sih dapat main beginian heran juga hahahaha plazabola,0
Udah kek homo si Randa tampilan nya skrg 😂,udah kek homo si randa tampilan nya skrg,0
Sudah 800k aja sub nya bg gas trus sejuta🔥🔥🔥🔥,sudah 8ook aja sub nya bg gas trus sejuta,0
Randa keluarin,randa keluarin,0
Balikin Amri ajaa daripada Randa,balikin amri ajaa daripada randa,0
Satpam pirang ganggu pemandangan 🖕🏻,satpam pirang ganggu pemandangan,0
Satpam pirang ganggu pemandangan 🖕🏻,satpam pirang ganggu pemandangan,0
joel mana bang,joel mana bang,0
Mana bg joel min🥹,mana bg joel min,0
Respect +,respect,0
KEMBALIKAN AMRI BG ILHAM 😢😢,kembalikan amri bg ilham,0
Kerapa bang amri jarang ikut bg,kerapa bang amri jarang ikut bg,0
Kembalikan pemain lama woy,kembalikan pemain lama woy,0
Randa out,randa out,0
Becaknya pakek kereta supra v tu bg,becaknya pakek kereta supra v tu bg,0
Puas nengok Randa dipukuli,puas nengok randa dipukuli,0
"Mau request dong  Tolong angkat cerita kisah nyata tentang rayap besi dong. Yang suka viral"" Itu 😂",mau request dong tolong angkat cerita kisah nyata tentang rayap besi dong yang suka viral itu,0
"💚🌈💚🌊Sumpah, gak pernah bosen main di 𝗙𝗥𝗘𝗘𝗕𝗘𝗧𝟴𝟴. Kemenangan jadi temen setia!💚🌈💚🌊",sumpah gak pernah bosen main di freebet88 kemenangan jadi temen setiai,1
💚🌈💚🌊 main di 𝗙𝗥𝗘𝗘𝗕𝗘𝗧𝟴𝟴  member baru bonus 200% masuk di awal tanpa TO 💚🌈💚🌊,main di freebet88 member baru bonus 2oo masuk di awal tanpa to,1
RANDA GA COCOK MAIN DI ANTB😂,randa ga cocok main di antb,0
Puas kali liat si randa kena pijak2... Ga ada lucu2 nya dia,puas kali liat si randa kena pijak2 ga ada lucu2 nya dia,0
Randa out,randa out,0
P,p,0
reupload,reupload,0
Dimana lh kelen sutting bg,dimana lh kelen sutting bg,0
Balikin Uleng sama Amri lah. Randa ga Pantas kali ah!,balikin uleng sama amri lah randa ga pantas kali ahi,0
joko jadi apa aja masuk yaa,joko jadi apa aja masuk yaa,0
Kepling emang nyebelin anjr,kepling emang nyebelin anjr,0
"Harus ada lanjutan nya, ngk seruh klw ngk ada",harus ada lanjutan nya ngk seruh klw ngk ada,0
abangda,abangda,0
memang konc*et sigondrong sama sijelek ni🤣,memang konc et sigondrong sama sijelek ni,0
Ada aja ya gebrakan nya😂 Kayak NKRI 😂,ada aja ya gebrakan nya kayak nkri,0
Randa out aja sok asik ga lucu lagii,randa out aja sok asik ga lucu lagii,0
Pak yudd kau pegang tt k ya😂😂,pak yudd kau pegang tt k ya,0
"Wkwkwkwkkw,hahahahahaha,lucu",wkwkwkwkkw hahahahahaha lucu,0
one two three one two three gooww 😂😂😂,one two three one two three gooww,0
Randa Out,randa out,0
Knp gk sm mak beti lg kelen woy,knp gk sm mak beti lg kelen woy,0
Satpam Fadli kerennn abissss 😂😂👍👍👍,satpam fadli kerennn abissss,0
05:20 🅚🅤🅡🅘🅡🅢🅛🅞🅣 keren ni katanya,o5 2o kurirslot keren ni katanya,1
Cuman 𝐉𝐀𝐋𝐀𝐊𝟒𝐃  yang bisa senatural ini❤,cuman jalak4d yang bisa senatural ini,1
"Gue awalnya iseng doang main di C̶̨̨̲̙̦͎͖̜̜̎͋͋͒̋̄́̈́Ȧ̶͕̘̼̎͛̃͂̽̒M̵͖̮̥̕Á̴̰͔̜͚͙͈̿͐R̸̢̡̙̲̠̀Q̵͕̼̞̈́͐͒͠Q̷͔̙̀̋̀̉͂̇̎̉̎͆, eh sekarang malah sering W3D3 😂 Situsnya aman, nggak ribet, dan winrate-nya oke punya! Rekomendasi deh!",gue awalnya iseng doang main di camarqq eh sekarang malah sering w3d3 situsnya aman nggak ribet dan winrate nya oke punyai rekomendasi dehi,1
"Korban: diem aja… Dalam hati: ‘ini orang ngapain sih?’ Endingnya malah shock sendiri 😂 Asli ini prank bikin pengen nonton ulang"" śÁśTŔÁ4D",korban diem aja dalam hati ini orang ngapain sih endingnya malah shock sendiri asli ini prank bikin pengen nonton ulang sastra4d,1
KONTOL,kontol,0
Joel mana bg,joel mana bg,0
bg joel nya mn bg😢,bg joel nya mn bg,0
Tumben Joko selamat😂,tumben joko selamat,0
Randa taikkk,randa taikkk,0
Randa sodara ilham abay Garing pun masih di pakai,randa sodara ilham abay garing pun masih di pakai,0
"Gokil ! nyepin ga sampe 15 menit x500 pecah wkwk, gue td main di 5𝐔𝐍𝐒𝐔𝐑 gais, game olympuss",gokil i nyepin ga sampe 15 menit x5oo pecah wkwk gue td main di 5unsur gais game olympuss,0
"diatas langit ada langit, di bumi ada aku yang akan mencintai salah satu dari 30 single ladies disini 😂",diatas langit ada langit di bumi ada aku yang akan mencintai salah satu dari 3o single ladies disini,0
gokil si joko bisa mainin 2 peran jdi emak2 dan jdi diiri nya sendiri,gokil si joko bisa mainin 2 peran jdi emak2 dan jdi diiri nya sendiri,0
h,h,0
8:54 coba lihat celana satpam nya😂😅,8 54 coba lihat celana satpam nya,0
😂,,0
"jual beli barang bekas, demi nyepin gacor nya OMETOTO",jual beli barang bekas demi nyepin gacor nya ometoto,1
Joko cocok kali,joko cocok kali,0
Randa ini di realnya songong kali ya...😂😂,randa ini di realnya songong kali ya,0
Satpam ktl gada lucu2 nya bagus amriii,satpam ktl gada lucu2 nya bagus amriii,0
"Woyy tol, balekkan amri!!",woyy tol balekkan amriii,0
Pulangkan amri sarif uleng,pulangkan amri sarif uleng,0
"buat bang abay dan kawan-kawan, kali ini aku harus jujur makin kesini makin KRIK bang konten kelen bang hehe, tolonglah bang semangat lagi buat konten konten ceritanya bang, jujur aja bang aku nonton semua video kelen dari video pertama sampai video ini bang, sebenarnya belakangan ini memang udah terlalu ga nyambung dan asal asalan kulihat kelen buat konten bang, minta maaf ya aku bang kalau ada salah kata bang jangan tersinggung kelen bang, aku kritik gini karena aku peduli dan salah satu penonton kategori SETIA kelen bang🥲🙏  NEXT nya semogalah bang makin berbenah dan makin SEMANGAT kelen buat konten ya bang🙏🙏✊💪",buat bang abay dan kawan kawan kali ini aku harus jujur makin kesini makin krik bang konten kelen bang hehe tolonglah bang semangat lagi buat konten konten ceritanya bang jujur aja bang aku nonton semua video kelen dari video pertama sampai video ini bang sebenarnya belakangan ini memang udah terlalu ga nyambung dan asal asalan kulihat kelen buat konten bang minta maaf ya aku bang kalau ada salah kata bang jangan tersinggung kelen bang aku kritik gini karena aku peduli dan salah satu penonton kategori setia kelen bang next nya semogalah bang makin berbenah dan makin semangat kelen buat konten ya bang,0
Asik pemain lama koncet,asik pemain lama koncet,0
Satu kata buat ⭐️𝑰𝑺𝑻𝑨𝑵𝑨𝙱𝙴𝚃17⭐️: KEREN!,satu kata buat istanabet17 kereni,1
"Gak nyangka bisa sekeren ini, salut ⭐️𝑰𝑺𝑻𝑨𝑵𝑨𝙱𝙴𝚃17⭐️",gak nyangka bisa sekeren ini salut istanabet17,1
Sound yang dipake ⭐️𝑰𝑺𝑻𝑨𝑵𝑨𝙱𝙴𝚃17⭐️ selalu pas banget,sound yang dipake istanabet17 selalu pas banget,1
Semua video ⭐️𝑰𝑺𝑻𝑨𝑵𝑨𝙱𝙴𝚃17⭐️ tuh berkelas,semua video istanabet17 tuh berkelas,1
Trending terus? Ya karena ⭐️𝑰𝑺𝑻𝑨𝑵𝑨𝙱𝙴𝚃17⭐️ dong,trending terus ya karena istanabet17 dong,1
Viewers-nya loyal banget ke ⭐️𝑰𝑺𝑻𝑨𝑵𝑨𝙱𝙴𝚃17⭐️,viewers nya loyal banget ke istanabet17,1
"Kalo cari konten yang berkualitas, langsung ke ⭐️𝑰𝑺𝑻𝑨𝑵𝑨𝙱𝙴𝚃17⭐️",kalo cari konten yang berkualitas langsung ke istanabet17,1
Nonton sambil makan enak beutt🔥🔥. Semoga cepat 1jt subs yaa bangg,nonton sambil makan enak beutt semoga cepat 1jt subs yaa bangg,0
Bagusan si amri dripada randa,bagusan si amri dripada randa,0
Nonton sambil makan merapat😅,nonton sambil makan merapat,0
Mana si uleng GK pernah nongol lagi,mana si uleng gk pernah nongol lagi,0
JGa rumah nenek mu,jga rumah nenek mu,0
"صَلَّى اللهُ عَلَى مُحَمَّد (Shallallahu 'Alaa Muhammad)   Semoga kita semua diberikan hidayah oleh Allah dzat yang maha pengampun,  Dan semoga kita diberikan rezeki yg halal barokah dan berlimpah,  Dan tidak tergiur sedikit pun kepada yg haram😊😊",salwa llhu ala muhamwad shallallahu alaa muhammad semoga kita semua diberikan hidayah oleh allah dzat yang maha pengampun dan semoga kita diberikan rezeki yg halal barokah dan berlimpah dan tidak tergiur sedikit pun kepada yg haram,0
Uleng amri mana,uleng amri mana,0
Tarik saldo tiap hari? Bisa kok di TARIKBOS 😎 Makin cinta sama dunia digital karena ada TARIKBOS! Setiap hari ada aja surprise dari TARIKBOS,tarik saldo tiap hari bisa kok di tarikbos makin cinta sama dunia digital karena ada tarikbosi setiap hari ada aja surprise dari tarikbos,0
09:32 Joko di cupangcuan Wkwk,o9 32 joko di cupangcuan wkwk,0
joko joko wkwk,joko joko wkwk,0
Wkwkw joko,wkwkw joko,0
kacau jokooo,kacau jokooo,0
wkwkw joko joko,wkwkw joko joko,0
joko terbaik pokonya,joko terbaik pokonya,0
Gokil gokil,gokil gokil,0
AngieWulandari-7 Asli wkwkw,angiewulandari 7 asli wkwkw,0
@KimamuraKeren gacor cupangcuan,akimamurakeren gacor cupangcuan,1
@TasdimayaErikana cupangcuan,atasdimayaerikana cupangcuan,0
@TarbanWasindor cupangcuan,atarbanwasindor cupangcuan,0
@TarbanWasindor cupangcuan,atarbanwasindor cupangcuan,0
@SintaMaryatenis cupangcuan,asintamaryatenis cupangcuan,0
haiii kak,haiii kak,0
amelia kemana bang abay🤣,amelia kemana bang abay,0
semangat terus buat tim antb,semangat terus buat tim antb,0
selamat puuuulak yaaa 😆 good plottwist,selamat puuuulak yaaa good plottwist,0
BOTOT,botot,0
"randa out,nggak lucu dia",randa out nggak lucu dia,0
"Konsisten upload tiap hari, mantap ⭐️𝑰𝑺𝑻𝑨𝑵𝑨𝑩𝑬𝑻17⭐️",konsisten upload tiap hari mantap istanabet17,1
Sound yang dipake ⭐️𝑰𝑺𝑻𝑨𝑵𝑨𝑩𝑬𝑻17⭐️ selalu pas banget,sound yang dipake istanabet17 selalu pas banget,1
"Gak nyangka bisa sekeren ini, salut ⭐️𝑰𝑺𝑻𝑨𝑵𝑨𝑩𝑬𝑻17⭐️",gak nyangka bisa sekeren ini salut istanabet17,1
⭐️𝑰𝑺𝑻𝑨𝑵𝑨𝑩𝑬𝑻17⭐️ tuh punya kualitas konten yang top,istanabet17 tuh punya kualitas konten yang top,1
Nih akun cocok buat lo yang butuh inspirasi,nih akun cocok buat lo yang butuh inspirasi,0
Apa si randa ni 😅 ganti aja lah! Kembalikan amri,apa si randa ni ganti aja lahi kembalikan amri,0
"Gak pernah ngecewain, ⭐️𝑰𝑺𝑻𝑨𝑵𝑨𝑩𝑬𝑻17⭐️",gak pernah ngecewain istanabet17,1
Lo belum follow ⭐️𝑰𝑺𝑻𝑨𝑵𝑨𝑩𝑬𝑻17⭐️? FIX RUGI!,lo belum follow istanabet17 fix rugii,1
⭐️𝑰𝑺𝑻𝑨𝑵𝑨𝑩𝑬𝑻17⭐️ tuh udah kayak brand premium,istanabet17 tuh udah kayak brand premium,1
Konten ⭐️𝑰𝑺𝑻𝑨𝑵𝑨𝑩𝑬𝑻17⭐️ tuh selalu kreatif banget,konten istanabet17 tuh selalu kreatif banget,1
Udah pada tau ⭐️𝑰𝑺𝑻𝑨𝑵𝑨𝑩𝑬𝑻17⭐️ belum? Nih akun fenomenal!,udah pada tau istanabet17 belum nih akun fenomenali,1
Kontennya bikin pengen repost mulu,kontennya bikin pengen repost mulu,0
"Kalo udah liat ⭐️𝑰𝑺𝑻𝑨𝑵𝑨𝑩𝑬𝑻17⭐️, langsung share ke temen",kalo udah liat istanabet17 langsung share ke temen,1
Viewers-nya loyal banget ke ⭐️𝑰𝑺𝑻𝑨𝑵𝑨𝑩𝑬𝑻17⭐️,viewers nya loyal banget ke istanabet17,1
"Sekali follow ⭐️𝑰𝑺𝑻𝑨𝑵𝑨𝑩𝑬𝑻17⭐️, auto setia",sekali follow istanabet17 auto setia,1
Setiap harinya selalu ada yang baru dari ⭐️𝑰𝑺𝑻𝑨𝑵𝑨𝑩𝑬𝑻17⭐️,setiap harinya selalu ada yang baru dari istanabet17,1
"Kalo cari konten yang berkualitas, langsung ke ⭐️𝑰𝑺𝑻𝑨𝑵𝑨𝑩𝑬𝑻17⭐️",kalo cari konten yang berkualitas langsung ke istanabet17,1
Semua video ⭐️𝑰𝑺𝑻𝑨𝑵𝑨𝑩𝑬𝑻17⭐️ tuh berkelas,semua video istanabet17 tuh berkelas,1
Kontennya ⭐️𝑰𝑺𝑻𝑨𝑵𝑨𝑩𝑬𝑻17⭐️ ngasih vibe positif,kontennya istanabet17 ngasih vibe positif,1
Caption dari ⭐️𝑰𝑺𝑻𝑨𝑵𝑨𝑩𝑬𝑻17⭐️ bikin mikir,caption dari istanabet17 bikin mikir,1
Postingannya ⭐️𝑰𝑺𝑻𝑨𝑵𝑨𝑩𝑬𝑻17⭐️ selalu dapet insight,postingannya istanabet17 selalu dapet insight,1
Ada yang bisa kalahin engagement-nya ⭐️𝑰𝑺𝑻𝑨𝑵𝑨𝑩𝑬𝑻17⭐️? GAK ADA,ada yang bisa kalahin engagement nya istanabet17 gak ada,1
"Alah si joko sok garang, sekali di rodok sama joel nangis kau",alah si joko sok garang sekali di rodok sama joel nangis kau,0
"sering kali dpt/ngantar costumer ke perumahan menteng indah,waktu ngelewatin pos ronda tempat mereka ngonten selalu sepi wkwkw belom rezki jumpa ma org tu😂",sering kali dpt ngantar costumer ke perumahan menteng indah waktu ngelewatin pos ronda tempat mereka ngonten selalu sepi wkwkw belom rezki jumpa ma org tu,0
8:54 woppp celengan😂,8 54 woppp celengan,0
Amri mana mati ka?,amri mana mati ka,0
"banyak"" in munculin bg abay, klo ada bg abay ktawa trus, tontonan favorit yg abg"" ngan koncet itu paling lucu😂",banyak in munculin bg abay klo ada bg abay ktawa trus tontonan favorit yg abg ngan koncet itu paling lucu,0
RANDA GADAK LUCU LUCU NYA GARING 😂😂😂,randa gadak lucu lucu nya garing,0
GARING kau RANDA.. mending OUT aja kau lek...,garing kau randa mending out aja kau lek,0
"randa suruh cabut aja, pemaen ga lucu gitu ngapain klean pake mending amri suruh balek.",randa suruh cabut aja pemaen ga lucu gitu ngapain klean pake mending amri suruh balek,0
"Amri mana, lama g keliatan",amri mana lama g keliatan,0
wkakaka,wkakaka,0
RANDA BUDJANG,randa budjang,0
Balekkan amri,balekkan amri,0
"Kawasan the peak , the green. Halton la bg",kawasan the peak the green halton la bg,0
"Abay...si randa tu ko kluarin aja, gak ada karakternya dia, gak cocok gabung sama klen, malas x aku nonton kalo udah ada dia",abay si randa tu ko kluarin aja gak ada karakternya dia gak cocok gabung sama klen malas x aku nonton kalo udah ada dia,0
"Emanglah kalo joko jadi maknya joko kekeh kali aku😂😂😂. Bisa kali dia perannya jadi mak koko🤣🤣🤣🤣👍👍👍, (yudi kau oegang te*** ku ya.. 😂😆🤣🤣🤣🤣)",emanglah kalo joko jadi maknya joko kekeh kali aku bisa kali dia perannya jadi mak koko yudi kau oegang te ku ya,0
♥️ Melaka 🇲🇾,hearts melaka,0
Pertahankan molana cadel...hehehehehe,pertahankan molana cadel hehehehehe,0
Si cedal kapan mati risihnya denger dia ngomong,si cedal kapan mati risihnya denger dia ngomong,0
Amri ngk pernah nampak,amri ngk pernah nampak,0
Randa is back,randa is back,0
RANDA GARING BANGET SUMPAH DEMI APAPUN G.A.R.I.N.G 😴,randa garing banget sumpah demi apapun garing,0
Joko dimana❤,joko dimana,0
Tolong jawab ya untuk abang² Antb kenapa Sahril Ndak pernah main 😊,tolong jawab ya untuk abang2 antb kenapa sahril ndak pernah main,0
"kontenlu ccok bang buat nemenin aku jorok, gada jorok nya soallnya jadi aman😅",kontenlu ccok bang buat nemenin aku jorok gada jorok nya soallnya jadi aman,0
INI NGAPAIN SI ADA RANDA??? GARINGGGGG !!!!!,ini ngapain si ada randa garinggggg iiiii,0
"kangenn amri, uleng🥲🥲",kangenn amri uleng,0
"bg Ilham abay ga pernah gagal EMG, uhuyyyyyyyyy.....",bg ilham abay ga pernah gagal emg uhuyyyyyyyyy,0
CAPEE BANGETT MENANG MULU MAIN DI 💫𝑲𝒀𝑻 4️⃣𝑫 💫,capee bangett menang mulu main di kyt 4d,1
"💫𝑲𝒀𝑻 4️⃣𝑫 💫 JUARA PISANN EI, JEIPE GEDE GEDE , MAKIN SERU MAINNYA !",kyt 4d juara pisann ei jeipe gede gede makin seru mainnya i,1
💫𝑲𝒀𝑻 4️⃣𝑫 💫...MODAL SEDIKIT HASIL MAKSIMAL <3,kyt 4d modal sedikit hasil maksimal 3,1
woyy sahrill mana woyyy,woyy sahrill mana woyyy,0
Pokoknya 💫𝑲𝒀𝑻 4️⃣𝑫 💫 recommended banget buat semua!,pokoknya kyt 4d recommended banget buat semuai,1
Cuma 💫𝑲𝒀𝑻 4️⃣𝑫 💫 nih yang langsung ngasih JP besar.. MANTAP BROO,cuma kyt 4d nih yang langsung ngasih jp besar mantap broo,1
Bikin senyum sendiri! 💫𝑲𝒀𝑻 4️⃣𝑫 💫,bikin senyum sendirii kyt 4d,1
"Nyaman banget main di 💫𝑲𝒀𝑻 4️⃣𝑫 💫, Caerrnya nggak bisa berhenti 😆💸🔥",nyaman banget main di kyt 4d caerrnya nggak bisa berhenti,1
Keren banget videonya! 💫𝑲𝒀𝑻 4️⃣𝑫 💫,keren banget videonyai kyt 4d,1
"Lucu sampe nggak karuan! Kalo mau duitnya nggak karuan banyak, 💫𝑲𝒀𝑻 4️⃣𝑫 💫 tempatnya! 💎",lucu sampe nggak karuani kalo mau duitnya nggak karuan banyak kyt 4d tempatnyai,1
"Konten seperti ini yang dibutuhkan di YouTube. Sukses terus!,💫𝑲𝒀𝑻 4️⃣𝑫 💫!",konten seperti ini yang dibutuhkan di youtube sukses terusi kyt 4d i,1
"Asli deh,💫𝑲𝒀𝑻 4️⃣𝑫 💫 sama konten lo sama-sama bikin betah! 🏠",asli deh kyt 4d sama konten lo sama sama bikin betahi,1
"Asli kontennya top, 💫𝑲𝒀𝑻 4️⃣𝑫 💫 juga selalu top sih. 👑",asli kontennya top kyt 4d juga selalu top sih,1
"Baru juga mulai, udah gak bisa berhenti 💫𝑲𝒀𝑻 4️⃣𝑫 💫",baru juga mulai udah gak bisa berhenti kyt 4d,1
Lancar lancar bang salam Jepe 💫𝑲𝒀𝑻 4️⃣𝑫 💫⭐,lancar lancar bang salam jepe kyt 4d,1
"Mantep 💫𝑲𝒀𝑻 4️⃣𝑫 💫 udah jadi kebiasaan, Caerr terusss !!!",mantep kyt 4d udah jadi kebiasaan caerr terusss iii,1
👏,,0
Hadir bang El Madura,hadir bang el madura,0
8:34 betul kecurigaan pak kep itu ya ham,8 34 betul kecurigaan pak kep itu ya ham,0
"Kontennya bikin betah, 💫𝑲𝒀𝑻 4️⃣𝑫 💫 juga bikin betah sampe pagi. 🌄",kontennya bikin betah kyt 4d juga bikin betah sampe pagi,1
"Auto senyum tiap buka 💫𝑲𝒀𝑻 4️⃣𝑫 💫, cuannya gak kira-kira",auto senyum tiap buka kyt 4d cuannya gak kira kira,1
"Gak nyangka iseng doang, eh malah ketagihan sama 💫𝑲𝒀𝑻 4️⃣𝑫 💫",gak nyangka iseng doang eh malah ketagihan sama kyt 4d,1
Sok asik si Randa njir 😅,sok asik si randa njir,0
Randa kurang lucu yg lain udh lucu parah lah salam sehat,randa kurang lucu yg lain udh lucu parah lah salam sehat,0
hari hari pak kep dengan masalahnya (fadli) 🤣,hari hari pak kep dengan masalahnya fadli,0
Emang otak gondrong 😂😂,emang otak gondrong,0
"Si amri kemana woi, out juga kah kala uleng, padahal mereka ber 2 lucu loh, jadi tambah seru ada mereka",si amri kemana woi out juga kah kala uleng padahal mereka ber 2 lucu loh jadi tambah seru ada mereka,0
Pap ma ahh😂😂😂😂,pap ma ahh,0
"bang saran aku sisipan videonya gantilah masak avanza dongker itu muluu, take lah kawasan lain",bang saran aku sisipan videonya gantilah masak avanza dongker itu muluu take lah kawasan lain,0
Bukan main 🤣🤣🤣🤣🤣🤣,bukan main,0
RANDA GARING KALI GAK ADA LUCUNYA HHAHA,randa garing kali gak ada lucunya hhaha,0
PAP MA,pap ma,0
pendek kali koncet,pendek kali koncet,0
MAU NGUMPULIN YANG GAK SUKA RANDA..,mau ngumpulin yang gak suka randa,0
Lebih suka amri ga sii,lebih suka amri ga sii,0
Dikira gua doang ternyata ada juga yang ga suka,dikira gua doang ternyata ada juga yang ga suka,0
@YanwarFajriamri uleng suruh comback pasti seru wkwk,ayanwarfajriamri uleng suruh comback pasti seru wkwk,0
randa ndak diajak sok asik ko,randa ndak diajak sok asik ko,0
"asal jgn joko sma joel aja yg cabut, chanel ini msh oke.",asal jgn joko sma joel aja yg cabut chanel ini msh oke,0
Oke sih,oke sih,0
Hahahhaa saya juga gak suka,hahahhaa saya juga gak suka,0
alasannya apa bang,alasannya apa bang,0
Ganti randa2 itu,ganti randa2 itu,0
Setuju',setuju,0
"Mending balikin amry, sahril, sama uleng y bang.....😅😅😅",mending balikin amry sahril sama uleng y bang,0
Balik kn amri 😂,balik kn amri,0
Ganti randa,ganti randa,0
"Setuju bg, dari awal masuk ga suka liatnya",setuju bg dari awal masuk ga suka liatnya,0
Asli kali bg,asli kali bg,0
Mending masukin uleng sama Amri aja,mending masukin uleng sama amri aja,0
Sama,sama,0
Kita yang cabut atau Randa yang cabut,kita yang cabut atau randa yang cabut,0
​@OrinOppenheimer duo J (Joko Joel) adalah ikonik ANTB,aorinoppenheimer duo j joko joel adalah ikonik antb,0
Amriiiiiiiiiiiiii,amriiiiiiiiiiiiii,0
ada yg sama ternyata ya,ada yg sama ternyata ya,0
"wkwk masi ada org kekgni,gasuka sama 1 org mesti ngajak ngajak",wkwk masi ada org kekgni gasuka sama 1 org mesti ngajak ngajak,0
"Iyaa ,ganti kan aja ,slengek x ku tgok Randa itu ,lucu pun engk",iyaa ganti kan aja slengek x ku tgok randa itu lucu pun engk,0
berisik lo kontol cuma nonton gratisan pun kau,berisik lo kontol cuma nonton gratisan pun kau,0
Aku,aku,0
Gw,gw,0
👍👍👍👍,,0
​@DUTALINGNO1RIAU iya pasti seru,adutalingno1riau iya pasti seru,0
"Gara2 ada dia gak jadi aq nonton smpe habis, koncet lah",gara2 ada dia gak jadi aq nonton smpe habis koncet lah,0
"sama , ga lucu ga bisa acting si randa 😏",sama ga lucu ga bisa acting si randa,0
RANDA BUDJANG,randa budjang,0
Lebih asik si uleng,lebih asik si uleng,0
​@veryverygooodSetujuuuuuuuuuuuuuuuu,averyverygooodsetujuuuuuuuuuuuuuuuu,0
"Randa keluar ,masuk amri",randa keluar masuk amri,0
bagusan amri daripada randa,bagusan amri daripada randa,0
emang anak b4b1 si rangga ga ada aura lucu,emang anak b4b1 si rangga ga ada aura lucu,0
Salah apa aku woi sampe GK suka klen,salah apa aku woi sampe gk suka klen,0
Randa cocoknya jd pemeran ftv indosiar biar seklogus lebay,randa cocoknya jd pemeran ftv indosiar biar seklogus lebay,0
Mending amri atau uleng,mending amri atau uleng,0
Bagusan kalo bg wanda kali ya,bagusan kalo bg wanda kali ya,0
iya jir garing,iya jir garing,0
"betul bang, keliatan kalo ga dia bisa acting",betul bang keliatan kalo ga dia bisa acting,0
Randa kayak ada yang kurang gitu 😅,randa kayak ada yang kurang gitu,0
KONCET BANYAK BACOT. MAIN AJALAH KITA YOK !,koncet banyak bacot main ajalah kita yok i,0
"Nyawa antb ,abay,joko,joel,amri,sharil",nyawa antb abay joko joel amri sharil,0
jangan komen² gini boy support semua member antb tanpa terkecuali sama² berkaya nya tuh orang,jangan komen2 gini boy support semua member antb tanpa terkecuali sama2 berkaya nya tuh orang,0
xda fungsinya randa,xda fungsinya randa,0
Gk asik dy,gk asik dy,0
Iya gk sor kali aku,iya gk sor kali aku,0
"Nah, aku juga",nah aku juga,0
"Apalah kau ini,tinggal Nton aja banyak kali tingkah kau.  Orng itu lebih paham pemilihan karakternya.",apalah kau ini tinggal nton aja banyak kali tingkah kau orng itu lebih paham pemilihan karakternya,0
Amri uleng joos sudah itu,amri uleng joos sudah itu,0
Siranda yang mana bg ?,siranda yang mana bg,0
Pemain lama yg mantap ya kan we,pemain lama yg mantap ya kan we,0
Pas tu,pas tu,0
Hadir👆 randa gak lucu,hadir randa gak lucu,0
gada lucu²nya si randa,gada lucu2nya si randa,0
Lebih suka Wak uban lah 😂,lebih suka wak uban lah,0
"Smaa woi, gk suka jg aku sama randa tuh dri awal muncul,",smaa woi gk suka jg aku sama randa tuh dri awal muncul,0
"Bukan gak suka sih , cuman gak cocok main di ANTB",bukan gak suka sih cuman gak cocok main di antb,0
"Mendinga si Uleng sma Amri,,,yg sekarng susunan pemain nya bnyka yg titipan kurasa,,,Bayyy,,urus lah pemain yg gk kompeten,,,asal jgn Joko,,joel,bocil,,Yudi,,peruzzi,,fadli trus yg utama,,,Pak yudi Bronzzz,,,Buat ketua gank nya si ilham abay,,,ator lh bayyy,,,",mendinga si uleng sma amri yg sekarng susunan pemain nya bnyka yg titipan kurasa bayyy urus lah pemain yg gk kompeten asal jgn joko joel bocil yudi peruzzi fadli trus yg utama pak yudi bronzzz buat ketua gank nya si ilham abay ator lh bayyy,0
"Satu lagi,,,Molana wajib hadir di setiap konten,,,klo si randa tu emng gk cocok di ANTB,,,",satu lagi molana wajib hadir di setiap konten klo si randa tu emng gk cocok di antb,0
Setuju,setuju,0
Hadir,hadir,0
"betul bang, mending si amri sama uleng balik lagi kesini",betul bang mending si amri sama uleng balik lagi kesini,0
abangda,abangda,0
Ga suka... Mending AMRI & ULENG,ga suka mending amri uleng,0
Out,out,0
"Hadir,,, muak randa 🤔🥵",hadir muak randa,0
gpp juga lagian murah bayarannya... Cuma rokok sebungkus aja..😂😂,gpp juga lagian murah bayarannya cuma rokok sebungkus aja,0
​@DiicreatifIndomie rasa kari amriii amriii,adiicreatifindomie rasa kari amriii amriii,0
Setuju,setuju,0
​@YanwarFajripemain lama udah pasti asik,ayanwarfajripemain lama udah pasti asik,0
Kwkw😂,kwkw,0
Amri,amri,0
😂😂😂😂,,0
"Randa idola ku, pertama Amri kluar ganti uleng kluar skarang Randa wkwkwk gas trus bg Randa ajak trus",randa idola ku pertama amri kluar ganti uleng kluar skarang randa wkwkwk gas trus bg randa ajak trus,0
ga ada lucu-lucunya itu kau belain bilang idola. kau BIRAHI itu namanya liat yang ganteng.,ga ada lucu lucunya itu kau belain bilang idola kau birahi itu namanya liat yang ganteng,0
"Masyaallah, ❤𝐌𝐎𝐍𝐀 𝟒𝐃🔴 bikin takjub! Visualnya top, ceritanya inspiratif, untungnya wow! ✨",masyaallah mona 4d bikin takjubi visualnya top ceritanya inspiratif untungnya wowi,1
Amri sama uleng kemana bang,amri sama uleng kemana bang,0
Kangen amri sang Mr. P,kangen amri sang mr p,0
Randa out Sahril masuk uleng,randa out sahril masuk uleng,0
Rannga out...,rannga out,0
Rangga jadi benalu.. Gk lucu.,rangga jadi benalu gk lucu,0
Kurang joel,kurang joel,0
Mul ga lucu out aja,mul ga lucu out aja,0
sodara abay itu mknya di pke nya randa sampah itu,sodara abay itu mknya di pke nya randa sampah itu,0
Bg si uleng kmna lg kok GK bareng lgi,bg si uleng kmna lg kok gk bareng lgi,0
Joko ama bng il gabung ganas ganas 😂😂,joko ama bng il gabung ganas ganas,0
"Muslim mana gak nampak""",muslim mana gak nampak,0
"11:04 Itu sirop Marjan, kah? 🤣🤣🤣",11 o4 itu sirop marjan kah,0
air radiator kyknya🤣,air radiator kyknya,0
"Bngst,..hbis  kena siksa trus Kepling nya 🤣",bngst hbis kena siksa trus kepling nya,0
amri kemana ya?,amri kemana ya,0
Mending Amri Dari Pada Randa,mending amri dari pada randa,0
Amri kok gak pernah keliatan yas,amri kok gak pernah keliatan yas,0
Ngak seru ada randa 🗿amri syaril the best,ngak seru ada randa amri syaril the best,0
Amri mana bang,amri mana bang,0
NANYA JUJUR JOEL KEMANA?,nanya jujur joel kemana,0
Lama lama film nya jelek alias boring,lama lama film nya jelek alias boring,0
"Lucu banget sampe nggak bisa berhenti ketawa! Kalo mau nggak bisa berhenti menang, KYT4D solusinya! 🎰🔥",lucu banget sampe nggak bisa berhenti ketawai kalo mau nggak bisa berhenti menang kyt4d solusinyai,1
"Video ini terlalu kocak! Kalo mau kocok-kocok dapat jackpot, yuk join KYT4D sekarang! 🎲😁",video ini terlalu kocaki kalo mau kocok kocok dapat jackpot yuk join kyt4d sekarangi,1
"WKWKWK gila nih video! Kalau mau giliran dapat jackpot, langsung ke KYT4D! Bonus besar menanti! 🏆",wkwkwk gila nih videoi kalau mau giliran dapat jackpot langsung ke kyt4di bonus besar menantii,1
"Video ini bikin ngakak sampe sakit pinggang! Kalo mau sakit pinggang karena bawa duit banyak, main di KYT4D aja! 💸😆",video ini bikin ngakak sampe sakit pinggangi kalo mau sakit pinggang karena bawa duit banyak main di kyt4d ajai,1
kalo bole nanya amri sama uleng mana ya,kalo bole nanya amri sama uleng mana ya,0
Randa ga cocok,randa ga cocok,0
Kau pegang tetek ku,kau pegang tetek ku,0
"Saran bg randa ganti peran aja bg, kurg lucu soalnyaa",saran bg randa ganti peran aja bg kurg lucu soalnyaa,0
Randa ajg tegang x acting,randa ajg tegang x acting,0
"Randa dari awal muncul eneg kali aku tengok, gada lucunya.",randa dari awal muncul eneg kali aku tengok gada lucunya,0
gak pernah gagal si kitting jadi ibuk2,gak pernah gagal si kitting jadi ibuk2,0
"WKWKWK video ini bikin sakit perut! Kalau mau sakit perut karena ketawa sambil menang, langsung aja ke KYT4D! 🎰😂",wkwkwk video ini bikin sakit peruti kalau mau sakit perut karena ketawa sambil menang langsung aja ke kyt4di,1
"Gokil banget videonya! Kalo mau ketawa sambil cuan, KYT4D tempatnya! Daftar sekarang dapat bonus 20%! 💰😆",gokil banget videonyai kalo mau ketawa sambil cuan kyt4d tempatnyai daftar sekarang dapat bonus 2o i,1
Video lucu banget sampe nangis! Tapi nangisnya bakal berubah jadi senyum kalau main di KYT4D dan menang besar! 😭➡️😁,video lucu banget sampe nangisi tapi nangisnya bakal berubah jadi senyum kalau main di kyt4d dan menang besari,1
"Ketawanya sampe lepas! Kalo mau rezekinya sampe lepas juga, main di KYT4D aja! Bonus new member 20% lho! 🤑",ketawanya sampe lepasi kalo mau rezekinya sampe lepas juga main di kyt4d ajai bonus new member 2o lhoi,1
"Dari tadi nonton terus ketawa sendiri! Kalo mau ketawa dapat duit juga, coba main di KYT4D yuk! 🎯😂",dari tadi nonton terus ketawa sendirii kalo mau ketawa dapat duit juga coba main di kyt4d yuki,1
Randa out malah yg lucu kluar yg ngga lucu masuk,randa out malah yg lucu kluar yg ngga lucu masuk,0
Gk maen timbang ya.,gk maen timbang ya,0
i like it,i like it,0
😂😂😂,,0
jokoo jokoooo 😂,jokoo jokoooo,0
Pilihan Terbaik Cuman Ada Di ✨ROTOGEL ✨,pilihan terbaik cuman ada di rotogel,1
Randa ganti Amri aja,randa ganti amri aja,0
Peminat pakepppp hadir banggg hahahahaha,peminat pakepppp hadir banggg hahahahaha,0
Fadli makin bucit aja ya udah off-side perutnya😂,fadli makin bucit aja ya udah off side perutnya,0
"Gak pernah ngecewain, ⭐️𝑰𝑺𝑻𝑨𝑵𝑨𝑩𝑬𝑻17⭐️",gak pernah ngecewain istanabet17,1
Lo belum follow ⭐️𝑰𝑺𝑻𝑨𝑵𝑨𝑩𝑬𝑻17⭐️? FIX RUGI!,lo belum follow istanabet17 fix rugii,1
⭐️𝑰𝑺𝑻𝑨𝑵𝑨𝑩𝑬𝑻17⭐️ tuh punya kualitas konten yang top,istanabet17 tuh punya kualitas konten yang top,1
Kontennya ⭐️𝑰𝑺𝑻𝑨𝑵𝑨𝑩𝑬𝑻17⭐️ ngasih vibe positif,kontennya istanabet17 ngasih vibe positif,1
Semua video ⭐️𝑰𝑺𝑻𝑨𝑵𝑨𝑩𝑬𝑻17⭐️ tuh berkelas,semua video istanabet17 tuh berkelas,1
Nih akun cocok buat lo yang butuh inspirasi,nih akun cocok buat lo yang butuh inspirasi,0
Mana amri ya..lama udah ngak keliatan,mana amri ya lama udah ngak keliatan,0
Amri sakit bg mohon doanya,amri sakit bg mohon doanya,0
Mantap,mantap,0
kembalikan amri😢,kembalikan amri,0
👍,,0
Kembalikan amri cs 😢,kembalikan amri cs,0
Kalo besok² randa masih muncul udahlah ending unscribe aja,kalo besok2 randa masih muncul udahlah ending unscribe aja,0
buang aja randa ni gajelas gabung2 tpi buat ga lucu aja bdoh kali,buang aja randa ni gajelas gabung2 tpi buat ga lucu aja bdoh kali,0
6189 gas hk,6189 gas hk,0
Gondrong caer bah 😅,gondrong caer bah,0
"Randa binatang mending keluarin aja, gak ada nilai jual",randa binatang mending keluarin aja gak ada nilai jual,0
Rindu orang amri cs,rindu orang amri cs,0
"Randa out aja ganti si amri lagi, randa gada lucu lucunya garing abis malas kali kalo ada dia",randa out aja ganti si amri lagi randa gada lucu lucunya garing abis malas kali kalo ada dia,0
"Syahril,uleng,amri,mana wuy .😅",syahril uleng amri mana wuy,0
"Makin mantap aja akting aktor"" antb",makin mantap aja akting aktor antb,0
Di cium nya si joko iss,di cium nya si joko iss,0
"Awak kira randa ni abang2an galak waktu di awal, ternyata kena bogem jg😂",awak kira randa ni abang2an galak waktu di awal ternyata kena bogem jg,0
Ntah gw pikir dia abay versi 2,ntah gw pikir dia abay versi 2,0
Lanjut prat 2 nya bang asikk kali ahhh,lanjut prat 2 nya bang asikk kali ahhh,0
.,,0
"Gak perlu ragu daftar di VIOS4D, banyak bonus & aman banget.",gak perlu ragu daftar di vios4d banyak bonus aman banget,0
"Bang, buat kan lah dulu cerita joko itu di puja"" jangan asik ilham aja yang kerasa, buat hari dimana joko itu istimewa, memang togel atau apa",bang buat kan lah dulu cerita joko itu di puja jangan asik ilham aja yang kerasa buat hari dimana joko itu istimewa memang togel atau apa,1
Randa emg ga lucu tapi kalo scene randa dipukulin tolong banyakin soalnya kesel liat mukanya,randa emg ga lucu tapi kalo scene randa dipukulin tolong banyakin soalnya kesel liat mukanya,0
"omak, batiknya pak kepling sama kayak punyaku ah 😂🤣",omak batiknya pak kepling sama kayak punyaku ah,0
"Amri kmn dia, sdh main tunggal kayaknya dia",amri kmn dia sdh main tunggal kayaknya dia,0
"kurang skrg seru nya,ga ada uleng sama amri",kurang skrg seru nya ga ada uleng sama amri,0
Koncet² pak kep,koncet2 pak kep,0
oo,oo,0
"Bang pake cewek beneran napa bang, males kali liat joko pake hijab",bang pake cewek beneran napa bang males kali liat joko pake hijab,0
"Bantu subscribe dulu we,ajak Abang adek,nenek sama uwak Kelen biar GK stack di 800",bantu subscribe dulu we ajak abang adek nenek sama uwak kelen biar gk stack di 8oo,0
akting ilham gak pernah gagal wkwkwkw😂,akting ilham gak pernah gagal wkwkwkw,0
8:54 CELENGAN ASUUUUUUUUUU,8 54 celengan asuuuuuuuuuu,0
"Bang saran si RANDA jadi Orang kaya, pelit resek dan sombong, atau jadi bos perusahaan gitu, kek nya lebih cocok, selain jadi Security",bang saran si randa jadi orang kaya pelit resek dan sombong atau jadi bos perusahaan gitu kek nya lebih cocok selain jadi security,0
"Orang kaya (OKB), yg baru pindah gitu",orang kaya okb yg baru pindah gitu,0
"Si amri kemana woi, out juga kah kala uleng, padahal mereka ber 2 lucu loh, jadi tambah seru ada mereka",si amri kemana woi out juga kah kala uleng padahal mereka ber 2 lucu loh jadi tambah seru ada mereka,0
"Pak mah,hana peng",pak mah hana peng,0
Endingnya kurang seru..,endingnya kurang seru,0
Tak Lucu Ada Players Titipan Siranda,tak lucu ada players titipan siranda,0
Kembalikan pemain lama koncet,kembalikan pemain lama koncet,0
Up,up,0
Lebih cocok Amri yg jadi saptam,lebih cocok amri yg jadi saptam,0
Kembalikan pemain lama bg,kembalikan pemain lama bg,0
sering2 bang adegan mukulin si randa nya,sering2 bang adegan mukulin si randa nya,0
mau kumpulin yang nonton sambil mkan😅,mau kumpulin yang nonton sambil mkan,0
Akuh,akuh,0
Gua bg wkwkkwkw,gua bg wkwkkwkw,0
Gw,gw,0
Hadir☝️,hadir,0
haha koncet abay joko,haha koncet abay joko,0
Kasian es marjannya nyiram pak kepling 😂,kasian es marjannya nyiram pak kepling,0
Nyendok ya pak kep.. 😅😅,nyendok ya pak kep,0
3:16 nyendok ini artinya apaaa? Serius pengen tau,3 16 nyendok ini artinya apaaa serius pengen tau,0
ngew3 bg 😅,ngew3 bg,0
Istilah org Medan ya Bg? ​@ArifanPangestu,istilah org medan ya bg aarifanpangestu,0
​@akunsampah-v6kiya lae,aakunsampah v6kiya lae,0
But.... jembut🤣,but jembut,0
Jadi gta ah,jadi gta ah,0
Ape si crita.kntl,ape si crita kntl,0
VIPERTOTO MAIN DI VIPERTOTO,vipertoto main di vipertoto,1
Mantap😊,mantap,0
Udah pasti relate banget kalo dari ⭐️𝑰𝑺𝑻𝑨𝑵𝑨𝑩𝑬𝑻17⭐️,udah pasti relate banget kalo dari istanabet17,1
Udah liat video ⭐️𝑰𝑺𝑻𝑨𝑵𝑨𝑩𝑬𝑻17⭐️ yang baru belum? Wajib sih,udah liat video istanabet17 yang baru belum wajib sih,1
Part 2 11:37,part 2 11 37,0
⭐️𝑰𝑺𝑻𝑨𝑵𝑨𝑩𝑬𝑻17⭐️ bikin semangat scroll tiap hari,istanabet17 bikin semangat scroll tiap hari,1
Ngeliat konten ⭐️𝑰𝑺𝑻𝑨𝑵𝑨𝑩𝑬𝑻17⭐️ tuh kayak healing,ngeliat konten istanabet17 tuh kayak healing,1
Gaya penyampaiannya ⭐️𝑰𝑺𝑻𝑨𝑵𝑨𝑩𝑬𝑻17⭐️ gak ada yang bisa nyamain,gaya penyampaiannya istanabet17 gak ada yang bisa nyamain,1
Gak lengkap kalo hari-hari tanpa konten dari ⭐️𝑰𝑺𝑻𝑨𝑵𝑨𝑩𝑬𝑻17⭐️,gak lengkap kalo hari hari tanpa konten dari istanabet17,1
Gaya kontennya ⭐️𝑰𝑺𝑻𝑨𝑵𝑨𝑩𝑬𝑻17⭐️ tuh khas banget,gaya kontennya istanabet17 tuh khas banget,1
Jali Inong Reza,jali inong reza,0
Videonya ⭐️𝑰𝑺𝑻𝑨𝑵𝑨𝑩𝑬𝑻17⭐️ tuh bikin susah move on,videonya istanabet17 tuh bikin susah move on,1
"Kalo ada ⭐️𝑰𝑺𝑻𝑨𝑵𝑨𝑩𝑬𝑻17⭐️, pasti gue klik!",kalo ada istanabet17 pasti gue kliki,1
"hadehh,,udh bnyk yg komplain sama si randa msh jg d mainkan,,si randa gk ada lucu²nya , garing , sok keren",hadehh udh bnyk yg komplain sama si randa msh jg d mainkan si randa gk ada lucu2nya garing sok keren,0
RANDA OUT woy gx COCOK mending AMRI atau ULENG SAHRIL,randa out woy gx cocok mending amri atau uleng sahril,0
RANDA out gx lucuuu OUT  aja 😂😂,randa out gx lucuuu out aja,0
Mending lu aja yang main,mending lu aja yang main,0
Iyakan.. garing kali dia.,iyakan garing kali dia,0
Betul😅,betul,0
kembalikan si amri,kembalikan si amri,0
"Alangkah baiknya, nikmati tanpa harus menghujat.",alangkah baiknya nikmati tanpa harus menghujat,0
asliii ga lucu dia,asliii ga lucu dia,0
Randa out,randa out,0
Wkwkwk jangan gitu bg​@tomiakbar2303,wkwkwk jangan gitu bg atomiakbar23o3,0
Ini kan pake skrip. Ga bisa lah semua yg di sini main semuanya. Bodoh banget paok,ini kan pake skrip ga bisa lah semua yg di sini main semuanya bodoh banget paok,0
​@Chandra_450iya ganti aja amri,achandra 45oiya ganti aja amri,0
Ya mending amri kiteng,ya mending amri kiteng,0
Asli out aj randa,asli out aj randa,0
Asli,asli,0
Pasti lu iri krn dia ganteng dan lu pas pasan aja,pasti lu iri krn dia ganteng dan lu pas pasan aja,0
Setuju',setuju,0
Se7,se7,0
S7,s7,0
Asli,asli,0
Balikin ambri aj,balikin ambri aj,0
"Gak lucu, tapi emot kau ketawa TOL.",gak lucu tapi emot kau ketawa tol,0
Si randa yg pernah ktangkep bkn si ?,si randa yg pernah ktangkep bkn si,0
"koncet siapa pulak kau ngatur""",koncet siapa pulak kau ngatur,0
Iya kok masih di mainkan,iya kok masih di mainkan,0
iya lagi iya lagi syit syit syit #randa_out,iya lagi iya lagi syit syit syit randa out,0
​@aluhsaja2569Sama uleng juga,aaluhsaja2569sama uleng juga,0
Kembalikan uleng Amri Joel dan hantu kribo,kembalikan uleng amri joel dan hantu kribo,0
"Udah tau ini film komedi, malah pilih pemeran yg bgtu, harusnya punya karakter dari face dan fisik lucu",udah tau ini film komedi malah pilih pemeran yg bgtu harusnya punya karakter dari face dan fisik lucu,0
"Dia kan bkn pelawak, paok!",dia kan bkn pelawak paoki,0
​@Teoooo2018gmna mau nikmati kalo ga lucu?,ateoooo2o18gmna mau nikmati kalo ga lucu,0
​@abangotomotifgada hubungannya tolol,aabangotomotifgada hubungannya tolol,0
Syahril Amri kiting ❤,syahril amri kiting,0
menang tampang doank😂,menang tampang doank,0
"Lu pada cuamn iri orang-orang kocak matiin pekerjaan orang lain aja, malah yang garing tu si Amri si uleng ga masuk komedinya",lu pada cuamn iri orang orang kocak matiin pekerjaan orang lain aja malah yang garing tu si amri si uleng ga masuk komedinya,0
Emang gak guna,emang gak guna,0
Betul gak ada gunanya...,betul gak ada gunanya,0
Betul,betul,0
lucu atau enggak nya ya sekadar nya di tontonin sambil menikmati,lucu atau enggak nya ya sekadar nya di tontonin sambil menikmati,0
Mending Amri yah boss,mending amri yah boss,0
Orang Yari bukan lucu tapi seru lol,orang yari bukan lucu tapi seru lol,0
randa yang mna,randa yang mna,0
Bener rangga gak cocok yg ginian gak unik mukanya😂 harus unik kayak joko bru mantul,bener rangga gak cocok yg ginian gak unik mukanya harus unik kayak joko bru mantul,0
​@miawwwwwwwwwwwwwwwwwwwwwwwwwwwuleng lah mending,amiawwwwwwwwwwwwwwwwwwwwwwwwwwwuleng lah mending,0
"​​@miawwwwwwwwwwwwwwwwwwwwwwwwwwwkiteng di episode ini muncul di akhir akhir jadi cewek, cuma kalo mau comeback mending Amri dan uleng",amiawwwwwwwwwwwwwwwwwwwwwwwwwwwkiteng di episode ini muncul di akhir akhir jadi cewek cuma kalo mau comeback mending amri dan uleng,0
Yang mana siranda bg,yang mana siranda bg,0
mending amri,mending amri,0
Kalo gk lucu di out yee emang dasar otak babi gak bisa hargai usaha manusia,kalo gk lucu di out yee emang dasar otak babi gak bisa hargai usaha manusia,0
Si Randa numpang tenar..ngapain juga d masukan ke antb bikin gak lucu 👎,si randa numpang tenar ngapain juga d masukan ke antb bikin gak lucu,0
ASLI SI RANDA NUMPANG TENAR.NGAPAIN DI MASUKAN KE ANTB BIKIN GAK ASIK 👎,asli si randa numpang tenar ngapain di masukan ke antb bikin gak asik,0
Betul gk co2k dia tu main di antb gk bs mainkan peran penonton yg menilai,betul gk co2k dia tu main di antb gk bs mainkan peran penonton yg menilai,0
Ganti sama bapak kau aj bujang inam,ganti sama bapak kau aj bujang inam,0
Uleng,uleng,0
yg ganteng ga kepake di komedi😂,yg ganteng ga kepake di komedi,0
KAU TINGGAL NONTON GRATISAN BANYAK KALI CAKAP KAU BODAT,kau tinggal nonton gratisan banyak kali cakap kau bodat,0
​@Teoooo2018biseng x pun klen koncet,ateoooo2o18biseng x pun klen koncet,0
Ijsiwksjxjficokcic,ijsiwksjxjficokcic,0
Lsksosjskdk😮😅😮😂❤🎉🎉udoisd,lsksosjskdkudoisd,0
Iwjwiwojsksosksksk,iwjwiwojsksosksksk,0
5:56,5 56,0
lanjut dong bang,lanjut dong bang,0
#randa out gaada lucu nya,randa out gaada lucu nya,0
Up,up,0
Up,up,0
Ucok GTA sa,ucok gta sa,0
Kangen pulak liat amri jadi security 😂,kangen pulak liat amri jadi security,0
Sama 😌,sama,0
Up,up,0
Iya kan,iya kan,0
Security Fadly terlalu montok 😅,security fadly terlalu montok,0
kembalikan amri,kembalikan amri,0
Gokillll cerita filmbyaaaa keren keren aslii bahhh lucunyaaaa😂😂😂😂👍👍👍🔥,gokillll cerita filmbyaaaa keren keren aslii bahhh lucunyaaaa,0
😂😂😂,,0
kalo bole kasih saran buat flem yang horor horor sesekali kali bang pasti lebi rame,kalo bole kasih saran buat flem yang horor horor sesekali kali bang pasti lebi rame,0
rayap Medan 😂,rayap medan,0
Syaril mn Syaril,syaril mn syaril,0
Banda Aceh hadir ☝️,banda aceh hadir,0
Masokkkk,masokkkk,0
"Yg lain boleh pergi, asal jangan 4 heroku yg di ban ""bg ilham, Joel, joko dan wak uban 🔥🔥🔥🔥",yg lain boleh pergi asal jangan 4 heroku yg di ban bg ilham joel joko dan wak uban,0
Asli Joel udah cabut dari ANTB,asli joel udah cabut dari antb,0
Serius?,serius,0
​@erwinfernandopanjaitan5797ya liat aja ntar.,aerwinfernandopanjaitan5797ya liat aja ntar,0
Setiap makan pasti nya nonton ini,setiap makan pasti nya nonton ini,0
bro mengira ini maen gta san andreas,bro mengira ini maen gta san andreas,0
Gondrong doang TPI GK nyopet😂😂 Salam dari lampung  Bang ❤❤,gondrong doang tpi gk nyopet salam dari lampung bang,0
Duo jj laknat mana boy,duo jj laknat mana boy,0
Kali ini misi joko sukses 100000%  Gak kayak biasa nya ..ancur terus di akhir si joko koncet🤣🤣,kali ini misi joko sukses 1ooooo gak kayak biasa nya ancur terus di akhir si joko koncet,0
Ini dia temen makan nasi,ini dia temen makan nasi,0
bujanggg  butuh uang🤣,bujanggg butuh uang,0
Suka kali nntn nya kalau ada yg di hantam,suka kali nntn nya kalau ada yg di hantam,0
😂,,0
Yang bikin ANTB melesat sejauh ini karna banyak cameo dalam satu video,yang bikin antb melesat sejauh ini karna banyak cameo dalam satu video,0
CARI DI GOOGLE VIPERTOTO,cari di google vipertoto,1
Semangat antb ngonten nya 😊,semangat antb ngonten nya,0
CUMAN VIPERTOTO YANG BISA BIKIN TERSENYUM,cuman vipertoto yang bisa bikin tersenyum,1
SAMBIL MAKAN NONTON ANTB EMANG YAHUTTT BUKA DAN CARI VIPERTOTO,sambil makan nonton antb emang yahuttt buka dan cari vipertoto,1
Absen orang paling nunggu in vidio antb,absen orang paling nunggu in vidio antb,0
MAIN DI VIPERTOTO,main di vipertoto,1
😂😂😂,,0
mala metik sepeda si koncet wkwk,mala metik sepeda si koncet wkwk,0
Mending si ambri dari pada randa,mending si ambri dari pada randa,0
100 orang tercepat,1oo orang tercepat,0
AMRI ULENG KEMANA ?(bertanyadengannadalemahlembut),amri uleng kemana bertanyadengannadalemahlembut,0
"Udhlah, asik itu aja pertanyaanm klen. Jangan nanya di sini ya, tanya aja yg bersangkutan masing-masing. Yg jelas, orang-orang ini masih saling baik-baik saja. 😊",udhlah asik itu aja pertanyaanm klen jangan nanya di sini ya tanya aja yg bersangkutan masing masing yg jelas orang orang ini masih saling baik baik saja,0
Lanjut part 2😂,lanjut part 2,0
Kepling gilaaa,kepling gilaaa,0
"Mamakku pasti bangga bang, kalo di pin komentar ini 🥲🥲",mamakku pasti bangga bang kalo di pin komentar ini,0
Pin,pin,0
Di pin,di pin,0
Bnyakan ngocok kau,bnyakan ngocok kau,0
Pin,pin,0
Titit,titit,0
Mao an,mao an,0
ngemis tolol,ngemis tolol,0
Aneh bener iq 78😂😂 Pantesan gampang dibodohi😂 Wkwkwkwk Sadar woi komuniti sdm rendah Konoha udah mau musnah😂😂😂,aneh bener iq 78 pantesan gampang dibodohi wkwkwkwk sadar woi komuniti sdm rendah konoha udah mau musnah,0
​@Aliong026lu ngapa bro?,aaliongo26lu ngapa bro,0
​@GUDGem0210 nga apa2 bro Cuman bt nengok reaksi orang iq 78😂 ama sdm rendah,agudgemo21o nga apa2 bro cuman bt nengok reaksi orang iq 78 ama sdm rendah,0
"jelek , koncet sdm rendahan",jelek koncet sdm rendahan,0
"​@GUDGem0210dia ngemis2 pin jgn diturutin,apa pula bawa² mamak",agudgemo21odia ngemis2 pin jgn diturutin apa pula bawa2 mamak,0
Wkwkwkw ngarep betoll,wkwkwkw ngarep betoll,0
Pasti hama iq 78,pasti hama iq 78,0
​@Aliong026🤓,aaliongo26,0
Ping!,pingi,0
mamak kau bangga minimal kau kerja bodoh...jgn mkn tdr main hp kau,mamak kau bangga minimal kau kerja bodoh jgn mkn tdr main hp kau,0
​@Aliong026bapak kau musnah bujang,aaliongo26bapak kau musnah bujang,0
@Aliong026 bapak kau musnah bujang,aaliongo26 bapak kau musnah bujang,0
Goblok g gini gini jg lapettt😂😂😂,goblok g gini gini jg lapettt,0
Amri kemana bang??,amri kemana bang,0
"Udhlah, asik itu aja pertanyaanm klen. Jangan nanya di sini ya, tanya aja yg bersangkutan masing-masing. Yg jelas, orang-orang ini masih saling baik-baik saja. 😊",udhlah asik itu aja pertanyaanm klen jangan nanya di sini ya tanya aja yg bersangkutan masing masing yg jelas orang orang ini masih saling baik baik saja,0
Viewer ke 3800,viewer ke 38oo,0
Yg nonton sambil berak 👉🏻,yg nonton sambil berak,0
Ditunggu ya sambungannya,ditunggu ya sambungannya,0
3478,3478,0
Ending nya sengaja gantung trus ya 😢,ending nya sengaja gantung trus ya,0
Sambil makan nonton sobat burung,sambil makan nonton sobat burung,0
Ini tangerang,ini tangerang,0
ini dia😁🤙,ini dia,0
ini dia😁🤙,ini dia,0
Gasss,gasss,0
Apa lauk kita hari ini gess,apa lauk kita hari ini gess,0
Nasi minyak garam😂,nasi minyak garam,0
Ga bikin konten tentang horor kah bang?,ga bikin konten tentang horor kah bang,0
Habis randa dihajar joko..🤭,habis randa dihajar joko,0
ikut mb,ikut mb,0
Gercep❤🎉,gercep,0
"lamain dikit durasinya lah, blm habis nasi gw di piring inii",lamain dikit durasinya lah blm habis nasi gw di piring inii,0
Kemana joel bg? Apa nyusul g di antb😢? Udh 3 video panjang berturut dia g ada di antb,kemana joel bg apa nyusul g di antb udh 3 video panjang berturut dia g ada di antb,0
Hadir sebelum ribuan ✋,hadir sebelum ribuan,0
Cihuyyy🎉,cihuyyy,0
Telat nonton 12 menit deh,telat nonton 12 menit deh,0
uploud sehari 3 kali dong bray biar ada tontonan pas makan,uploud sehari 3 kali dong bray biar ada tontonan pas makan,0
🎉,,0
Males kali kalo liat Randa,males kali kalo liat randa,0
Sama,sama,0
Malas tapi kau tonton,malas tapi kau tonton,0
"​@DediPernando-se7kmheboh kali ko kayak kucing mau beranak,pukimak",adedipernando se7kmheboh kali ko kayak kucing mau beranak pukimak,0
🎉,,0
9 menit yl😂,9 menit yl,0
"Makin lama,makin gak nyambung cerita nya",makin lama makin gak nyambung cerita nya,0
kalo ga cocok jangan di tonton kalo mo kritik ngasih saran juga biar komen lu ga sampah sampah bgt,kalo ga cocok jangan di tonton kalo mo kritik ngasih saran juga biar komen lu ga sampah sampah bgt,0
"Ini bukan series bodoh, jadi gak harus nyambung setiap episodenya",ini bukan series bodoh jadi gak harus nyambung setiap episodenya,0
Tlol Lo kira sinetron,tlol lo kira sinetron,0
lahh inikan sitkom one moment bukan cerita bersambung😂,lahh inikan sitkom one moment bukan cerita bersambung,0
berarti target penontonnya bukan elu😂,berarti target penontonnya bukan elu,0
Bro anda kira sedang menonton tukang bubur naik haji?😂,bro anda kira sedang menonton tukang bubur naik haji,0
Klau nggak suka skip aja lah bujang,klau nggak suka skip aja lah bujang,0
"Kalau mau nyambung, kolor si Gibran sana kau sambung sama mukakmu",kalau mau nyambung kolor si gibran sana kau sambung sama mukakmu,0
hadir abgkuu,hadir abgkuu,0
Mantap,mantap,0
Ke 18 sapa dong🎉,ke 18 sapa dong,0
cium,cium,0
Langsung nonton awak ah,langsung nonton awak ah,0
Ke 9,ke 9,0
P,p,0
Halo bang,halo bang,0
Sobat burung 🕊,sobat burung,0
Sukses selalu bos q,sukses selalu bos q,0
6x di tonton,6x di tonton,0
Emang pas banget Joko ini dapet peran menderita 😂,emang pas banget joko ini dapet peran menderita,0
Pertama bg 🙏,pertama bg,0
💥💥,,0
Pirst,pirst,0
Ke 1 bg am,ke 1 bg am,0
mantap x emang antb bahh,mantap x emang antb bahh,0
Pertama,pertama,0
